image_id,color_hist_red_00,color_hist_red_01,color_hist_red_02,color_hist_red_03,color_hist_red_04,color_hist_red_05,color_hist_red_06,color_hist_red_07,color_hist_red_08,color_hist_red_09,color_hist_red_10,color_hist_red_11,color_hist_red_12,color_hist_red_13,color_hist_red_14,color_hist_red_15,red_mean,red_std,color_hist_green_00,color_hist_green_01,color_hist_green_02,color_hist_green_03,color_hist_green_04,color_hist_green_05,color_hist_green_06,color_hist_green_07,color_hist_green_08,color_hist_green_09,color_hist_green_10,color_hist_green_11,color_hist_green_12,color_hist_green_13,color_hist_green_14,color_hist_green_15,green_mean,green_std,color_hist_blue_00,color_hist_blue_01,color_hist_blue_02,color_hist_blue_03,color_hist_blue_04,color_hist_blue_05,color_hist_blue_06,color_hist_blue_07,color_hist_blue_08,color_hist_blue_09,color_hist_blue_10,color_hist_blue_11,color_hist_blue_12,color_hist_blue_13,color_hist_blue_14,color_hist_blue_15,blue_mean,blue_std,haralick_contrast_mean,haralick_contrast_std,haralick_dissimilarity_mean,haralick_dissimilarity_std,haralick_homogeneity_mean,haralick_homogeneity_std,haralick_energy_mean,haralick_energy_std,haralick_asm_mean,haralick_asm_std,haralick_correlation_mean,haralick_correlation_std,haralick_entropy_mean,haralick_entropy_std
synthetic_tile_000,0.000278472900390625,4.9591064453125e-05,0.0,8.0108642578125e-05,0.0,0.001819610595703125,0.0,0.0,0.000823974609375,0.0,0.0,0.0,0.0,0.0,0.0,0.0594482421875,246.81512451171875,36.69552993774414,0.00032806396484375,0.0,8.0108642578125e-05,0.0,0.001819610595703125,0.0,0.000823974609375,0.0,0.0,0.0,0.0,0.0,0.0,0.0,0.000484466552734375,0.058963775634765625,245.77569580078125,40.444664001464844,0.00020599365234375,7.2479248046875e-05,0.0,4.9591064453125e-05,0.0,8.0108642578125e-05,0.0,0.001819610595703125,0.0,0.000823974609375,0.0,0.0,0.0,0.0,0.000484466552734375,0.058963775634765625,248.16143798828125,30.650856018066406,5.204561295841342,0.7712939978265972,0.22778445947516895,0.0341097534571671,0.9883038267256592,0.0018145793734714172,0.937987736275897,0.0010102335675169717,0.8798220139758429,0.0018952393696141713,0.8821903175231718,0.01711461717750913,0.5490543975844452,0.012981346625701851
synthetic_tile_001,0.000530242919921875,0.0,0.0,0.0,0.0,0.000675201416015625,0.0,0.0005645751953125,0.000762939453125,0.0,0.0,0.00091552734375,0.0001983642578125,0.0,0.0,0.0588531494140625,247.05413818359375,34.907569885253906,0.000530242919921875,0.0,0.0,0.0,0.000675201416015625,0.0,0.0013275146484375,0.0,0.0,0.0,0.00091552734375,0.0001983642578125,0.0,0.0,0.0,0.0588531494140625,246.1461181640625,37.71576690673828,0.00029754638671875,0.000232696533203125,0.0,0.0,0.0,0.0,0.0,0.000675201416015625,0.0,0.0005645751953125,0.000762939453125,0.0,0.00091552734375,0.0001983642578125,0.0,0.0588531494140625,248.51861572265625,29.702009201049805,4.5662372027869065,0.7770982169608841,0.23819503107756215,0.0389886247109311,0.9850138613958723,0.0023767012576914946,0.9262867237616238,0.0013817754746376335,0.8580090039205049,0.002559817362921446,0.8819297599209579,0.019727320612894828,0.6726728117356973,0.0172821039902617
synthetic_tile_002,0.0,0.000156402587890625,0.0,0.0,0.0,0.000579833984375,8.0108642578125e-05,0.0,0.000911712646484375,0.0,0.00090789794921875,0.0,0.0,0.0,0.0,0.059864044189453125,249.6893310546875,26.229761123657227,8.392333984375e-05,7.2479248046875e-05,0.0,0.0,0.000579833984375,8.0108642578125e-05,0.0,0.000911712646484375,0.0,0.00090789794921875,0.0,0.0,0.0,0.0,0.000911712646484375,0.05895233154296875,248.77276611328125,29.105520248413086,0.0,0.0,0.0,8.392333984375e-05,7.2479248046875e-05,0.0,0.0,0.000148773193359375,0.000431060791015625,8.0108642578125e-05,0.000911712646484375,0.0,0.00090789794921875,0.0,0.000911712646484375,0.05895233154296875,250.8101806640625,20.064666748046875,4.210903593682188,0.7461253271018594,0.2342410700446401,0.04008033796408316,0.9842056551796805,0.002586612151307803,0.9351546699102035,0.0014289632323446788,0.8745162985907811,0.0026726673520294664,0.8107439367707681,0.03291241900869887,0.5854790891029567,0.017202003032393574
synthetic_tile_003,0.000141143798828125,0.0,0.0,0.0,0.0,0.00060272216796875,0.000370025634765625,0.0,0.0,0.0,0.000370025634765625,0.0,0.000232696533203125,9.1552734375e-05,0.0,0.06069183349609375,251.19085693359375,23.77008628845215,0.000141143798828125,0.0,0.0,0.0,0.000370025634765625,0.000232696533203125,0.000370025634765625,0.0,0.0,0.000370025634765625,0.0,0.0,0.000324249267578125,0.0,0.0,0.06069183349609375,250.81805419921875,25.133617401123047,0.0,0.0,0.0,0.000141143798828125,0.0,0.0,0.0,0.0,0.00060272216796875,0.000370025634765625,0.0,0.0,0.000370025634765625,0.000232696533203125,9.1552734375e-05,0.06069183349609375,252.15802001953125,17.612428665161133,2.8702284123318247,0.44367821548143116,0.15077994218488439,0.02368840675181351,0.9895578021776846,0.0016643517186711865,0.9526295403665616,0.0011153704472477433,0.907504285230241,0.0021250696730001906,0.8349013541423009,0.024905519112169983,0.45700389293128085,0.013386250431073138
synthetic_tile_004,0.0,0.0,0.0,2.6702880859375e-05,0.0,0.000354766845703125,0.000415802001953125,5.340576171875e-05,0.0,0.0,0.0,0.00042724609375,0.001361846923828125,0.000400543212890625,0.0,0.059459686279296875,250.7117919921875,21.645402908325195,0.0,0.0,0.0,0.0,2.6702880859375e-05,0.0,0.000354766845703125,0.000415802001953125,5.340576171875e-05,0.0,0.0,0.001190185546875,0.00099945068359375,0.000209808349609375,0.000568389892578125,0.058681488037109375,250.37603759765625,20.693660736083984,0.0,0.0,0.0,0.0,0.0,0.0,0.0,0.0,0.0,2.6702880859375e-05,0.000354766845703125,0.000469207763671875,0.0,0.00218963623046875,0.0007781982421875,0.058681488037109375,252.0413818359375,11.817134857177734,1.4883047422344846,0.249041405454324,0.13035719821439642,0.021105028286378405,0.9856565048492605,0.002313286818787595,0.9324174349257468,0.0012843159862688004,0.8694039224210617,0.0023948695119683752,0.875282868368262,0.020433028806946613,0.6177527900150432,0.01635005258730854
synthetic_tile_005,0.000179290771484375,0.0,0.0,0.0,0.0,0.000804901123046875,0.0,0.0,0.001056671142578125,0.0,0.000675201416015625,0.0,0.0,0.0002899169921875,0.0,0.0594940185546875,249.1212158203125,28.26925277709961,0.000179290771484375,0.0,0.0,0.0,0.000804901123046875,0.0,0.0,0.001056671142578125,0.0,0.0,0.000675201416015625,0.0,0.0002899169921875,0.0,0.0,0.0594940185546875,248.5479736328125,30.472135543823242,0.0,0.0,0.000179290771484375,0.0,0.0,0.0,0.0,0.0,0.000804901123046875,0.0,0.001056671142578125,0.0,0.000675201416015625,0.0002899169921875,0.0,0.0594940185546875,250.69696044921875,21.202531814575195,3.2188514767654537,0.5431753207866794,0.18091176026102052,0.03024137559978123,0.9879021049875192,0.0019706963989291914,0.9441197767357801,0.001152534493887459,0.8913634811593789,0.002176261218378026,0.8753115278827075,0.020590184813981526,0.49409482907058455,0.01361887046837553
synthetic_tile_006,0.0,0.0,0.0,0.0,0.0,0.000865936279296875,0.0,0.0005645751953125,9.1552734375e-05,0.0,8.0108642578125e-05,0.0,0.0,0.0,0.0,0.0608978271484375,251.1793212890625,23.69730567932129,0.0,0.0,0.0,0.0,0.00072479248046875,0.000141143798828125,0.0005645751953125,9.1552734375e-05,0.0,8.0108642578125e-05,0.0,0.0,0.0,9.1552734375e-05,0.0,0.0608062744140625,250.81097412109375,25.67334747314453,0.0,0.0,0.0,0.0,0.0,0.0,0.0,0.0,0.000865936279296875,0.0005645751953125,9.1552734375e-05,8.0108642578125e-05,0.0,0.0,9.1552734375e-05,0.0608062744140625,252.1676025390625,17.141803741455078,2.5872608151466303,0.38286638906230114,0.14236923786347574,0.02075119406756985,0.9915616426130892,0.001185519068175521,0.9684472832160859,0.0007000738470772461,0.9378906304720089,0.0013559563487956223,0.8516273073447632,0.02140371481350306,0.3054274924556135,0.008257682812816577
synthetic_tile_007,0.0,0.0001220703125,0.00014495849609375,0.0,0.000354766845703125,0.000274658203125,0.0,5.340576171875e-05,0.0,0.0,0.00180816650390625,0.0,0.000919342041015625,0.000690460205078125,0.0,0.058132171630859375,248.6103515625,26.96165657043457,0.0,0.0001220703125,0.0,0.00014495849609375,0.0,0.000354766845703125,0.000274658203125,5.340576171875e-05,0.0,0.0,0.00180816650390625,0.000675201416015625,0.000244140625,0.000690460205078125,0.000621795654296875,0.0575103759765625,248.25341796875,27.349943161010742,0.0,0.0,0.0,0.0,0.0001220703125,0.0,0.00014495849609375,0.0,0.000354766845703125,0.000274658203125,0.0,5.340576171875e-05,0.00180816650390625,0.000919342041015625,0.000690460205078125,0.058132171630859375,250.849853515625,17.608139038085938,2.8100357372589744,0.5243872777008751,0.20031295531341065,0.03483043545146558,0.9811947716177079,0.0030822774829012394,0.9109268231433119,0.0017668272438698194,0.829790798800476,0.003219035962986496,0.8625522250547776,0.02521921436323544,0.7753356824939347,0.0211907126430619
synthetic_tile_008,0.000392913818359375,4.1961669921875e-05,0.000148773193359375,0.0,0.0,0.000202178955078125,0.0001220703125,0.0,0.0,0.0,0.0,0.00042724609375,0.00042724609375,0.0,0.0002899169921875,0.06044769287109375,250.9193115234375,26.811960220336914,0.000392913818359375,4.1961669921875e-05,0.000148773193359375,0.0,3.0517578125e-05,0.000171661376953125,0.0001220703125,0.0,0.0,0.0,0.0,0.0008544921875,0.0,0.0002899169921875,0.0,0.06044769287109375,250.69927978515625,27.488862991333008,7.62939453125e-05,0.000316619873046875,0.0,0.0,4.1961669921875e-05,0.000148773193359375,0.0,0.0,0.000202178955078125,0.0001220703125,0.0,0.0,0.0,0.0008544921875,0.0002899169921875,0.06044769287109375,251.7474365234375,22.76492691040039,2.8004613196726393,0.487268673429143,0.1493253611507223,0.02571472494000402,0.9887706625350549,0.0018271312816702842,0.9594937247675981,0.0009067270454472265,0.9206290300223343,0.001739841584908825,0.872279061702942,0.021786723911126165,0.41554833119767237,0.01199584064471668
synthetic_tile_009,0.000324249267578125,0.0,0.0,0.0,0.0,0.000698089599609375,0.0,0.000377655029296875,0.000141143798828125,0.0,0.00213623046875,0.000392913818359375,0.0,0.000743865966796875,0.0,0.05768585205078125,247.0074462890625,31.244407653808594,0.000324249267578125,0.0,0.0,0.0,0.0,0.000698089599609375,9.1552734375e-05,0.000286102294921875,0.000141143798828125,0.0,0.002529144287109375,0.0,0.000370025634765625,0.00037384033203125,0.0,0.05768585205078125,246.21136474609375,33.099971771240234,3.4332275390625e-05,0.0,0.0002899169921875,0.0,0.0,0.0,0.0,0.0,0.000698089599609375,0.0,0.000377655029296875,0.000141143798828125,0.002529144287109375,0.0,0.000743865966796875,0.05768585205078125,249.1949462890625,23.533266067504883,4.223268259036518,0.6871641243357356,0.25384497643995285,0.03882309978947692,0.9795300613833726,0.003076593519514812,0.8958183532166124,0.00178942936022763,0.8024937240171586,0.0032060017136636304,0.8545601898681594,0.023621275970029363,0.8894450651072296,0.022268514286968875
synthetic_tile_010,0.0,0.0,0.0,0.000148773193359375,0.0,0.0,0.000514984130859375,0.000141143798828125,0.0,0.0,0.000728607177734375,0.00042724609375,0.00055694580078125,0.0,0.000148773193359375,0.059833526611328125,250.97235107421875,21.329856872558594,0.0,0.0,0.0,0.0,0.000148773193359375,0.0,0.000514984130859375,0.0,0.000141143798828125,0.0,0.000728607177734375,0.00042724609375,0.00055694580078125,0.000148773193359375,0.0001983642578125,0.059635162353515625,250.9908447265625,20.296981811523438,0.0,0.0,0.0,0.0,0.0,0.0,0.0,0.0,0.0,0.000148773193359375,0.000514984130859375,0.000141143798828125,0.0,0.001155853271484375,0.000705718994140625,0.059833526611328125,252.65240478515625,11.708390235900879,1.520978202112654,0.24797496295550198,0.12770972026319052,0.01951184688370168,0.9869011627405799,0.0019439438928851099,0.9479753479437217,0.0009662494342877602,0.8986581939469894,0.0018319656683248573,0.865643602247594,0.021731671953261887,0.5148240728135687,0.013261401653002122
synthetic_tile_011,0.0,0.0,0.0,0.000278472900390625,0.0,0.00019073486328125,0.00018310546875,0.0,4.57763671875e-05,0.000301361083984375,0.0,0.00063323974609375,0.000751495361328125,0.0,0.00018310546875,0.059932708740234375,250.928955078125,22.161975860595703,0.0,0.0,0.0,0.0,0.000278472900390625,0.0,0.00019073486328125,0.00018310546875,4.57763671875e-05,0.0,0.000301361083984375,0.000568389892578125,0.00081634521484375,0.00018310546875,0.00042724609375,0.059505462646484375,251.08526611328125,20.115543365478516,0.0,0.0,0.0,0.0,0.0,0.0,0.0,0.0,0.0,0.000278472900390625,0.00019073486328125,0.00018310546875,0.000347137451171875,0.001384735107421875,0.00018310546875,0.059932708740234375,252.747802734375,11.246173858642578,1.6441456867288735,0.30007489650285274,0.14512606368962738,0.024057741977321388,0.9838791079581434,0.002480884723714036,0.9393741347704263,0.0014032367038910576,0.8824257341489343,0.002636185001968894,0.8585132510438834,0.025390437224715377,0.5853669741501826,0.017437875827428093
synthetic_tile_012,2.288818359375e-05,0.0,0.000579833984375,0.0,0.0,0.000408172607421875,0.0,0.0,0.001190185546875,0.0,0.00042724609375,0.0,0.0,0.0,0.0,0.059871673583984375,249.1168212890625,29.53551483154297,2.288818359375e-05,0.00017547607421875,0.00040435791015625,0.0,0.000408172607421875,0.0,0.0,0.001190185546875,0.0,0.00042724609375,0.0,0.0,0.0,0.0,0.00025177001953125,0.059619903564453125,248.44830322265625,32.03888702392578,0.0,0.0,0.0,2.288818359375e-05,0.0,0.000579833984375,0.0,0.0,0.000408172607421875,0.0,0.001190185546875,0.0,0.00042724609375,0.0,0.00025177001953125,0.059619903564453125,250.49169921875,22.60443878173828,4.939419824152148,0.8960962645834509,0.24011800367350733,0.04302875561968468,0.9865313048662563,0.002394924202994636,0.9470400861664185,0.001321249456420989,0.8968866705062235,0.002502629618391249,0.8218207484391625,0.03171437577976664,0.5106514999437683,0.016238460494368497
synthetic_tile_013,0.0,0.0,0.0,5.340576171875e-05,0.00048065185546875,7.2479248046875e-05,6.103515625e-05,3.0517578125e-05,0.0,0.0,0.000209808349609375,0.0,0.000431060791015625,0.000766754150390625,0.000225067138671875,0.060169219970703125,251.609130859375,20.884069442749023,0.0,0.0,0.0,0.0,0.0,5.340576171875e-05,0.00048065185546875,7.2479248046875e-05,6.103515625e-05,3.0517578125e-05,0.0,0.000209808349609375,0.000431060791015625,0.0009918212890625,0.001132965087890625,0.0590362548828125,251.59912109375,17.285667419433594,0.0,0.0,0.0,0.0,0.0,0.0,0.0,0.0,0.0,0.0,0.0,0.0005340576171875,0.000133514404296875,0.000240325927734375,0.00255584716796875,0.0590362548828125,253.00048828125,8.624441146850586,1.0226959203918409,0.17905633117265538,0.10765013717527434,0.017906614864600726,0.984099105863639,0.0025690094034209452,0.9318499118920116,0.0013942749515287978,0.8683462022957905,0.002598344325306228,0.8878709626566372,0.0192352395622611,0.6390867128162422,0.018385167599287468
synthetic_tile_014,0.0,0.0,0.000370025634765625,0.0,0.000232696533203125,0.000762939453125,0.0,0.0,0.0,0.0,0.0,0.000492095947265625,0.0002899169921875,0.0,0.0,0.060352325439453125,250.04583740234375,28.138887405395508,0.0,0.000370025634765625,0.0,0.000232696533203125,0.000762939453125,0.0,0.0,0.0,0.0,0.0,0.000492095947265625,0.0002899169921875,0.0,0.0,0.0,0.060352325439453125,249.45355224609375,30.552425384521484,0.0,0.0,0.0,0.0,0.000370025634765625,0.0,0.000232696533203125,0.000762939453125,0.0,0.0,0.0,0.0,0.000492095947265625,0.0002899169921875,0.0,0.060352325439453125,251.080810546875,22.183116912841797,3.273444765639531,0.5552933823508296,0.15718072842395686,0.02599039775011298,0.9901452285207498,0.0015645643030077637,0.9476119436146453,0.0010649578362931995,0.8979695298163188,0.0020183687668187357,0.8709192290794272,0.0214535125683101,0.47696961817260797,0.012616304794673888
synthetic_tile_015,0.0,0.0,1.1444091796875e-05,6.866455078125e-05,0.0003814697265625,0.0,0.000415802001953125,0.0,0.0,8.0108642578125e-05,0.0,0.0,0.0,0.0,0.002231597900390625,0.0593109130859375,251.55206298828125,21.36935806274414,0.0,0.0,1.1444091796875e-05,0.0,0.000293731689453125,0.000156402587890625,0.000415802001953125,0.0,0.0,8.0108642578125e-05,0.0,0.0,0.0,0.0,0.002231597900390625,0.0593109130859375,251.4395751953125,20.357059478759766,0.0,0.0,0.0,0.0,0.0,0.0,1.1444091796875e-05,0.0,0.000293731689453125,0.000156402587890625,0.000415802001953125,0.0,8.0108642578125e-05,0.0,0.0009765625,0.060565948486328125,252.84637451171875,12.444853782653809,2.3785085773296544,0.367217030326405,0.13721184473618947,0.02149266922745661,0.9867618498000154,0.0021127518526052815,0.9263594621047853,0.0014008643256319454,0.8581438154519258,0.002595438535407229,0.801501202831679,0.029961817440963365,0.6349274427705397,0.016782197246154467
synthetic_tile_016,0.0,0.0,0.0,0.0,0.0,0.0,0.048770904541015625,0.000217437744140625,0.00079345703125,0.00234222412109375,0.002788543701171875,0.0,0.00176239013671875,0.000888824462890625,0.00092315673828125,0.0040130615234375,125.1552734375,44.7421760559082,0.0,0.0,0.0,0.0,0.0,0.0,0.0,0.0,0.048770904541015625,0.000507354736328125,0.0027923583984375,0.002841949462890625,0.000881195068359375,0.001850128173828125,0.001880645751953125,0.0029754638671875,152.40484619140625,32.89577865600586,0.0,0.0,0.0,0.0,0.0,0.0,0.0,0.0,0.0,0.0,0.0,0.0,0.04898834228515625,0.005924224853515625,0.003589630126953125,0.003997802734375,206.7628173828125,14.511874198913574,4.603567089946679,0.697648334561089,0.4490845778566557,0.06777146039250848,0.9483388247322669,0.007796579356937468,0.7583778709177769,0.004243821130205479,0.5751550051155654,0.006436802163525197,0.8793924759038823,0.017971421040228263,1.900163373875482,0.05063831789879017
synthetic_tile_017,0.0,0.0,0.0,0.0,0.0,0.0,0.051883697509765625,0.0,0.00067138671875,0.0019989013671875,0.001514434814453125,0.000492095947265625,0.0009765625,0.000732421875,0.0,0.004230499267578125,116.67437744140625,43.244178771972656,0.0,0.0,0.0,0.0,0.0,0.0,0.0,0.051883697509765625,8.7738037109375e-05,0.002391815185546875,0.001705169677734375,0.000492095947265625,0.001567840576171875,0.000141143798828125,0.0010528564453125,0.003177642822265625,129.7652587890625,36.63434600830078,0.0,0.0,0.0,0.0,0.0,0.0,0.0,0.0,0.0,0.0,0.0,0.051883697509765625,0.0026702880859375,0.00298309326171875,0.0017852783203125,0.003177642822265625,185.14727783203125,20.068538665771484,4.816611141034782,0.7644875317891391,0.3939139128278257,0.062316408723852225,0.9613417866063105,0.006067987539744486,0.8122991396038254,0.003536474595688947,0.6598423988536809,0.005745350802874274,0.8859391657447568,0.017740890484181183,1.4899557204259524,0.04013654458065321
synthetic_tile_018,0.0,0.0,0.0,0.0,0.0,0.0,0.0,0.054592132568359375,0.0,0.00286102294921875,0.00106048583984375,0.000499725341796875,0.0009002685546875,0.0,0.000492095947265625,0.002094268798828125,123.21807861328125,30.837173461914062,0.0,0.0,0.0,0.0,0.0,0.0,0.0,0.0,0.0,0.0,0.0,0.060546875,0.001743316650390625,9.1552734375e-05,0.000118255615234375,0.0,185.0684814453125,2.905989170074463,0.0,0.0,0.0,0.0,0.0,0.0,0.0,0.0,0.0,0.0,0.000118255615234375,0.000240325927734375,0.002227783203125,0.005321502685546875,0.0,0.054592132568359375,241.6209716796875,12.300050735473633,0.2885766709033418,0.04376307936717053,0.0834221355942712,0.012805054484352662,0.9750356986404018,0.0038744127866312443,0.859425633583952,0.0029953145893636328,0.7386213915706664,0.005148474464016376,0.8682436418830549,0.0195236856087304,1.0203409726320336,0.030132738681905746
synthetic_tile_019,0.000331878662109375,0.0,4.9591064453125e-05,9.1552734375e-05,0.0,0.000457763671875,0.0,0.00011444091796875,0.0,0.000675201416015625,0.00067901611328125,0.000232696533203125,0.000141143798828125,0.000881195068359375,0.0,0.05884552001953125,248.64739990234375,29.2991943359375,0.000331878662109375,0.0,4.9591064453125e-05,9.1552734375e-05,0.0,0.000457763671875,4.9591064453125e-05,6.4849853515625e-05,0.000675201416015625,0.00067901611328125,0.000232696533203125,0.000141143798828125,0.000881195068359375,0.0,0.000583648681640625,0.058261871337890625,248.062255859375,30.73605728149414,0.0,0.0,0.000247955322265625,8.392333984375e-05,0.0,4.9591064453125e-05,0.0,9.1552734375e-05,0.000457763671875,0.0,0.00011444091796875,0.000675201416015625,0.000911712646484375,0.000141143798828125,0.000881195068359375,0.05884552001953125,250.34710693359375,22.106088638305664,5.049955752255254,0.7137844748692542,0.26528654229183457,0.038120150785531805,0.9813200497199506,0.002753176816446195,0.9228004504758809,0.0015914669392497348,0.8515632041655073,0.002937214159497856,0.8051744887145188,0.02685628856021317,0.728523121157863,0.01992091083072975
synthetic_tile_020,0.0,0.0,0.0,0.0,0.0,0.0,0.05185699462890625,0.00087738037109375,0.003177642822265625,0.0011138916015625,0.0017242431640625,0.000255584716796875,0.00038909912109375,0.0,0.0,0.00310516357421875,110.87298583984375,37.15940475463867,0.0,0.0,0.0,0.0,0.0,0.0,0.05185699462890625,0.000797271728515625,0.00325775146484375,0.001857757568359375,0.000980377197265625,0.000396728515625,0.000247955322265625,0.0,0.000965118408203125,0.002140045166015625,117.91217041015625,32.90654373168945,0.0,0.0,0.0,0.0,0.0,0.0,0.0,0.0,0.0,0.0,0.052227020263671875,0.00368499755859375,0.002838134765625,0.000644683837890625,0.000965118408203125,0.002140045166015625,174.078857421875,19.30874252319336,3.7080507403202305,0.5944217472681396,0.34924221801568606,0.052923121633260246,0.9591619091358584,0.006163639726748162,0.8135330786325373,0.003280285200710119,0.6618468303003322,0.005337674961518729,0.8924962295785519,0.01688650099644312,1.495131524043401,0.0403278868056646
synthetic_tile_021,0.0,0.0,0.0,0.0,0.0,0.0,0.0,0.0537109375,0.0,0.0,0.0016632080078125,0.00157928466796875,0.0017852783203125,0.000484466552734375,7.2479248046875e-05,0.003204345703125,132.739013671875,34.11125183105469,0.0,0.0,0.0,0.0,0.0,0.0,0.0,0.0,0.0,0.0,0.0,0.0,0.0,0.0,0.05873870849609375,0.00376129150390625,233.38726806640625,4.112119674682617,0.0,0.0,0.0,0.0,0.0,0.0,0.0,0.0,0.0,0.0,0.0,0.0,0.000240325927734375,0.00016021728515625,0.001308441162109375,0.060791015625,253.88946533203125,5.631131649017334,0.5134179408983818,0.07946076775966035,0.12256867482484965,0.018830198516776794,0.9691289899302581,0.004727417328643363,0.8443335433274226,0.0030766419133328,0.7129085981133034,0.005194194408316921,0.8731194873320507,0.01924370349195918,1.164038148288299,0.03232468797411451
synthetic_tile_022,0.0,0.0,0.0,0.0,0.0,0.0,0.0486602783203125,0.001007080078125,0.003772735595703125,0.001155853271484375,0.00144195556640625,0.00031280517578125,0.00017547607421875,0.000881195068359375,0.000957489013671875,0.0041351318359375,119.6614990234375,43.992218017578125,0.0,0.0,0.0,0.0,0.0,0.0,0.0,0.0486602783203125,0.00130462646484375,0.003475189208984375,0.002132415771484375,0.0007781982421875,0.00017547607421875,0.001262664794921875,0.000576019287109375,0.0041351318359375,135.52691650390625,37.22595977783203,0.0,0.0,0.0,0.0,0.0,0.0,0.0,0.0,0.0,0.0,0.0,0.0486602783203125,0.004817962646484375,0.002872467041015625,0.00201416015625,0.0041351318359375,190.07269287109375,20.155963897705078,4.323154818184635,0.7090584185419992,0.4124265201655404,0.06665608390449956,0.9489143414261897,0.008119253212340152,0.7589447846631527,0.004198974147796328,0.576014817551293,0.006373430903668342,0.893085701319344,0.017234679308460413,1.8601879231300915,0.05301828934733825
synthetic_tile_023,0.0,0.0,0.0,0.0,0.0,0.0,0.0,0.053188323974609375,0.0,0.000370025634765625,0.00042724609375,0.00168609619140625,0.002132415771484375,0.001529693603515625,0.0,0.00316619873046875,132.42864990234375,36.57368850708008,0.0,0.0,0.0,0.0,0.0,0.0,0.0,0.0,0.0,0.0,0.0,0.0,0.0,0.062236785888671875,0.0002593994140625,3.814697265625e-06,215.90655517578125,1.4981257915496826,0.0,0.0,0.0,0.0,0.0,0.0,0.0,0.0,0.0,3.814697265625e-06,0.0,0.000194549560546875,6.4849853515625e-05,0.002620697021484375,0.00394439697265625,0.05567169189453125,251.4046630859375,9.96188735961914,0.45298235127720254,0.06957067745939935,0.1189542613460227,0.018376528948253524,0.9689710274986045,0.004821457777324008,0.8366487493450718,0.0031719092378249534,0.6999911907888857,0.005307599197716576,0.8787995245199045,0.018223075692414506,1.1374851087782054,0.0321203016766843
synthetic_tile_024,0.0,0.0,0.0,0.0,0.0,0.0,0.0,0.0,0.0,0.0,0.050251007080078125,0.0001373291015625,0.0023345947265625,0.000934600830078125,0.00218963623046875,0.00665283203125,183.9688720703125,26.075021743774414,0.0,0.0001220703125,1.1444091796875e-05,0.00040435791015625,3.814697265625e-06,0.0,0.0,0.0,0.0,0.0,0.00202178955078125,0.000675201416015625,0.00106048583984375,3.814697265625e-06,0.00130462646484375,0.05689239501953125,247.95904541015625,26.304367065429688,0.0,3.4332275390625e-05,8.7738037109375e-05,1.1444091796875e-05,0.00040435791015625,3.814697265625e-06,0.0,0.0,0.0,0.0,0.0,0.00202178955078125,0.000675201416015625,0.00106048583984375,0.00089263916015625,0.057308197021484375,249.1773681640625,23.040231704711914,1.2098936697873395,0.1587290422373114,0.1563580158410317,0.021465477554743536,0.9644289685714712,0.005328814655074446,0.7856465261648706,0.004056199277943026,0.6172569168275112,0.006373332628964858,0.8008257914011829,0.025524663255606754,1.5392668538911807,0.04093223089113167
synthetic_tile_025,0.0,0.0,0.0,0.0,0.0,0.0,0.0,0.055095672607421875,0.00081634521484375,0.0021209716796875,0.00040435791015625,0.000339508056640625,0.00048828125,0.00086212158203125,7.62939453125e-06,0.0023651123046875,124.48748779296875,30.169315338134766,0.0,0.0,0.0,0.0,0.0,0.0,0.0,0.0,0.0,0.0,0.0,0.0,0.059635162353515625,0.00238800048828125,0.000400543212890625,7.62939453125e-05,201.74371337890625,4.086235523223877,0.0,0.0,0.0,0.0,0.0,0.0,0.0,0.0,0.0,0.0,0.0,7.62939453125e-05,0.000400543212890625,0.001323699951171875,0.002666473388671875,0.058032989501953125,252.13189697265625,8.909540176391602,0.4632683171616343,0.07049669699402392,0.10668695556141113,0.016200389213562254,0.9735878744667787,0.004014087591268977,0.8675949628279955,0.002624090032446918,0.7527279053730093,0.004552891787681673,0.8610033009018098,0.020727263672065,1.063947563689611,0.030936646333922808
synthetic_tile_026,0.0,0.0,0.0,0.0,0.0,0.0,0.0,0.0,0.05419158935546875,0.0,0.00104522705078125,0.00043487548828125,0.00185394287109375,0.000583648681640625,0.000820159912109375,0.003570556640625,151.81689453125,29.788105010986328,0.0,0.0,0.0,0.0,0.0,0.0,0.0,0.000217437744140625,0.000141143798828125,0.000133514404296875,2.6702880859375e-05,0.00070953369140625,0.001007080078125,0.000370025634765625,0.000675201416015625,0.0592193603515625,251.8406982421875,15.183162689208984,0.0,0.0,0.0,0.0,0.0,0.0,0.0,0.000217437744140625,0.000141143798828125,0.000133514404296875,2.6702880859375e-05,3.4332275390625e-05,0.00113677978515625,0.00091552734375,0.0,0.059894561767578125,252.04345703125,14.706867218017578,0.39460984000092997,0.06326548582656259,0.09298214299553599,0.01399957641428253,0.973345969219344,0.004011504360004487,0.8603030068042705,0.0029788664482720472,0.7401301371617854,0.005124918136503255,0.7766952192468115,0.03508408242447328,1.0693119259723858,0.03038219739896546
synthetic_tile_027,0.0,0.0,0.0,0.0,0.0,0.0,0.0,0.052806854248046875,0.0,0.0,0.00276947021484375,0.000370025634765625,9.5367431640625e-05,0.0017242431640625,0.00112152099609375,0.003612518310546875,140.588623046875,34.83928680419922,0.0,0.0,0.0,0.0,0.0,0.0,0.0,0.0,0.0,0.0,0.0,0.000213623046875,0.0009765625,0.0010528564453125,0.004215240478515625,0.056041717529296875,251.6773681640625,10.440811157226562,0.0,0.0,0.0,0.0,0.0,0.0,0.0,0.0,0.0,0.000141143798828125,7.2479248046875e-05,0.0,0.0009765625,0.0008544921875,0.001567840576171875,0.058887481689453125,252.43316650390625,10.222145080566406,0.09873095918066836,0.015381258554888004,0.05281841423057847,0.008082274774754575,0.9777895483269049,0.0034092027444405167,0.8472272119850439,0.0032748383737839742,0.7178046732943251,0.005548369771616717,0.8012201031561529,0.030405674356157583,0.9572807170640691,0.028297442427877795
synthetic_tile_028,0.0,0.0,0.0,0.0,0.0,0.0,0.049983978271484375,0.0,0.0,0.001346588134765625,0.001277923583984375,0.001468658447265625,0.00229644775390625,0.00028228759765625,0.0,0.0058441162109375,130.70263671875,44.794071197509766,0.0,0.0,0.0,0.0,0.0,0.0,0.0,0.0,0.0,0.0,0.049983978271484375,0.0,0.002063751220703125,0.00432586669921875,0.00028228759765625,0.0058441162109375,183.36431884765625,24.5574951171875,0.0,0.0,0.0,0.0,0.0,0.0,0.0,0.0,0.0,0.0,0.0,0.0,0.0,0.0,0.051700592041015625,0.010799407958984375,236.28240966796875,5.167768478393555,2.796419444401389,0.44690242595433727,0.33393969131688267,0.052648337942447845,0.9549680266918883,0.007010158767718386,0.7795670156297756,0.0042673086270187685,0.607742941780833,0.006652723248184663,0.8751171346452921,0.01958604165334281,1.5945454950601903,0.043927191092984964
synthetic_tile_029,0.0,0.0,0.0,0.0,0.0,0.0,0.05126190185546875,0.0,0.00189971923828125,0.00139617919921875,0.00167083740234375,0.00186920166015625,0.000823974609375,0.0,0.0,0.00357818603515625,113.1292724609375,41.52793884277344,0.0,0.0,0.0,0.0,0.0,0.0,0.05126190185546875,0.0,0.002521514892578125,0.002445220947265625,0.001331329345703125,0.001361846923828125,0.0,0.0,0.000904083251953125,0.002674102783203125,116.14813232421875,37.66541290283203,0.0,0.0,0.0,0.0,0.0,0.0,0.0,0.0,0.0,0.0,0.05126190185546875,0.002532958984375,0.003765106201171875,0.001361846923828125,0.000904083251953125,0.002674102783203125,171.19091796875,22.562170028686523,4.930475821889145,0.799534087470338,0.40229095301940604,0.06479858260396094,0.959988203397774,0.006385213149457006,0.8032923788253851,0.003559493700049926,0.6452913158743466,0.005718469425348021,0.8823325570252252,0.018711274135601256,1.477414368201718,0.04087767587712063
synthetic_tile_030,0.0,0.0,0.0,0.0,0.0,0.04752349853515625,0.0,0.00240325927734375,0.004375457763671875,0.00148773193359375,0.0004730224609375,0.0005645751953125,0.000385284423828125,0.002010345458984375,0.0,0.003276824951171875,113.6971435546875,42.75661087036133,0.0,0.0,0.0,0.0,0.0,0.0,0.04752349853515625,0.00240325927734375,0.00528717041015625,0.000576019287109375,0.00103759765625,0.000385284423828125,0.001056671142578125,0.00095367431640625,0.0008544921875,0.002422332763671875,114.31365966796875,40.437103271484375,0.0,0.0,0.0,0.0,0.0,0.0,0.0,0.0,0.0,0.04752349853515625,0.00060272216796875,0.007415771484375,0.000720977783203125,0.000949859619140625,0.002101898193359375,0.003185272216796875,167.919189453125,25.56416130065918,5.724936934248869,0.9085072244527738,0.4901572381269763,0.07682564626823658,0.9472654762924893,0.00819226163681833,0.7409919558146071,0.004133471405548268,0.5490861641678171,0.006125965343044899,0.8860051168669087,0.01786062812599822,1.988428520393569,0.05238861001469456
synthetic_tile_031,0.0,0.0,0.0,0.0,0.0,0.04986572265625,0.0,0.003566741943359375,0.001003265380859375,0.00319671630859375,0.001064300537109375,0.000904083251953125,0.0,1.1444091796875e-05,0.0,0.002887725830078125,109.10986328125,37.52871322631836,0.0,0.0,0.0,0.0,0.0,0.0,0.050693511962890625,0.003570556640625,0.003276824951171875,0.000946044921875,0.0011138916015625,1.1444091796875e-05,0.0,0.000629425048828125,0.000530242919921875,0.001728057861328125,108.7100830078125,33.46363830566406,0.0,0.0,0.0,0.0,0.0,0.0,0.0,0.0,0.0,0.04986572265625,0.004398345947265625,0.003368377685546875,0.0019683837890625,1.1444091796875e-05,0.00115966796875,0.001728057861328125,163.09271240234375,20.89009666442871,4.004858775342551,0.6566197011177152,0.3858158731942464,0.06116864477840772,0.9510163000221354,0.007672280700624142,0.7783811266041113,0.0041178146286330874,0.6058941346508012,0.006409981002162627,0.8861561770603077,0.01830564782318761,1.7090005573584288,0.04839792983805017