image_id,deep_feature_000,deep_feature_001,deep_feature_002,deep_feature_003,deep_feature_004,deep_feature_005,deep_feature_006,deep_feature_007,deep_feature_008,deep_feature_009,deep_feature_010,deep_feature_011,deep_feature_012,deep_feature_013,deep_feature_014,deep_feature_015,deep_feature_016,deep_feature_017,deep_feature_018,deep_feature_019,deep_feature_020,deep_feature_021,deep_feature_022,deep_feature_023,deep_feature_024,deep_feature_025,deep_feature_026,deep_feature_027,deep_feature_028,deep_feature_029,deep_feature_030,deep_feature_031,deep_feature_032,deep_feature_033,deep_feature_034,deep_feature_035,deep_feature_036,deep_feature_037,deep_feature_038,deep_feature_039,deep_feature_040,deep_feature_041,deep_feature_042,deep_feature_043,deep_feature_044,deep_feature_045,deep_feature_046,deep_feature_047,deep_feature_048,deep_feature_049,deep_feature_050,deep_feature_051,deep_feature_052,deep_feature_053,deep_feature_054,deep_feature_055,deep_feature_056,deep_feature_057,deep_feature_058,deep_feature_059,deep_feature_060,deep_feature_061,deep_feature_062,deep_feature_063,deep_feature_064,deep_feature_065,deep_feature_066,deep_feature_067,deep_feature_068,deep_feature_069,deep_feature_070,deep_feature_071,deep_feature_072,deep_feature_073,deep_feature_074,deep_feature_075,deep_feature_076,deep_feature_077,deep_feature_078,deep_feature_079,deep_feature_080,deep_feature_081,deep_feature_082,deep_feature_083,deep_feature_084,deep_feature_085,deep_feature_086,deep_feature_087,deep_feature_088,deep_feature_089,deep_feature_090,deep_feature_091,deep_feature_092,deep_feature_093,deep_feature_094,deep_feature_095,deep_feature_096,deep_feature_097,deep_feature_098,deep_feature_099,deep_feature_100,deep_feature_101,deep_feature_102,deep_feature_103,deep_feature_104,deep_feature_105,deep_feature_106,deep_feature_107,deep_feature_108,deep_feature_109,deep_feature_110,deep_feature_111,deep_feature_112,deep_feature_113,deep_feature_114,deep_feature_115,deep_feature_116,deep_feature_117,deep_feature_118,deep_feature_119,deep_feature_120,deep_feature_121,deep_feature_122,deep_feature_123,deep_feature_124,deep_feature_125,deep_feature_126,deep_feature_127
synthetic_tile_000,0.6988599,0.930326,0.17941909,0.2916786,-0.014241686,-0.69222254,0.18088196,0.9509677,0.8726694,0.9635635,0.95548874,0.1593791,-0.44066507,-0.33402988,0.13771394,-0.64197785,0.42972758,-0.37521732,-0.3971681,0.7254635,-0.8366244,0.18712045,-0.98495287,-0.6332808,0.79620373,-0.6115229,0.7999213,-0.6122458,-0.8487603,-0.14735723,0.46477836,-0.15715198,0.87646425,0.9718222,0.9651725,0.067527995,0.7037822,0.91494334,-0.7621976,0.86156094,-0.024654621,0.96664107,0.073680356,0.9692302,0.99072355,0.6196899,-0.8893583,0.717961,0.9474389,0.4690137,-0.9898277,-0.028426552,-0.96518373,0.70619774,-0.7792277,0.6780612,0.89918673,-0.69030064,-0.6452069,-0.10439329,-0.22014132,0.2741036,-0.791657,-0.79523844,-0.7993165,-0.12626714,-0.3568942,-0.77751446,0.094738476,0.9149602,-0.77397233,-0.5476814,-0.51608044,0.5028745,0.85810804,-0.47229204,0.93263966,-0.065900385,-0.40350652,-0.99941957,0.49712572,0.86630875,-0.9645603,0.004674207,-0.69821185,0.52486956,-0.8282168,-0.56973153,0.30958095,0.9071538,0.94469655,0.39780802,0.64676756,-0.14987597,-0.2088936,-0.9382933,-0.24470949,0.08095839,0.33677962,-0.65005744,-0.6552825,0.24544244,0.68532145,-0.04416919,-0.9320437,0.004475571,-0.9201734,0.6065166,0.39895713,0.43841183,0.89394146,0.94823647,-0.75450736,0.98731893,0.85571545,-0.90062124,-0.9880839,-0.7815789,0.33704674,-0.8141575,-0.95876735,0.53832895,0.37425753,-0.9782132,-0.060649745,0.32655224,0.6566455,-0.9232169
synthetic_tile_001,0.78097326,0.86390674,0.26248935,0.41477138,-0.36950478,-0.75211114,0.45359147,0.9169013,0.9088936,0.96900505,0.94297665,-0.05189653,-0.12773098,0.10853688,0.04519238,-0.4384722,0.27730992,-0.30285951,-0.3816556,0.55290717,-0.82208306,0.25796613,-0.9744436,-0.7019405,0.67420906,-0.67520165,0.78706133,-0.71186733,-0.7146705,0.19757783,0.53184247,-0.0010055896,0.90527815,0.9653553,0.9734143,0.012390724,0.6833632,0.9088699,-0.86226255,0.90100604,0.14271237,0.97584105,0.33683848,0.97847086,0.9886215,0.5458242,-0.8555736,0.822769,0.92001134,0.511719,-0.98090553,0.1981055,-0.9639428,0.8917508,-0.7823113,0.7494108,0.8995683,-0.65814596,-0.6041459,-0.27542204,-0.36627024,0.18305221,-0.85092974,-0.74536324,-0.7275643,-0.09901563,-0.28169134,-0.6624822,0.19402786,0.92254156,-0.84735554,-0.56148446,-0.43652877,0.5269492,0.8471539,-0.34648064,0.928642,-0.09314629,-0.4282841,-0.99913126,0.4625237,0.90762323,-0.96413064,0.299609,-0.90018946,0.23538755,-0.9017013,-0.47771198,0.37017497,0.91952974,0.92551,0.46621314,0.7298461,0.009168055,-0.18632028,-0.924569,-0.07938526,0.08373778,0.25546587,-0.6032933,-0.64974535,0.23091099,0.62944067,0.2854607,-0.90340835,0.10569272,-0.8442203,0.77045393,0.31390077,0.50760466,0.8555113,0.9550854,-0.3656888,0.98048115,0.87844086,-0.8868199,-0.9896732,-0.7065645,0.3202875,-0.9093201,-0.92892516,0.5377686,0.37115115,-0.9864689,-0.4181149,0.45319724,0.8058568,-0.9397521
synthetic_tile_002,0.6537594,0.8933782,0.19433203,0.37323606,-0.16121179,-0.6704783,0.28650805,0.9371282,0.8894059,0.9726256,0.9276586,0.19110088,-0.28666756,-0.12147797,0.16049884,-0.58126557,0.3614842,-0.20891875,-0.38627374,0.65187806,-0.8194802,0.35438678,-0.9801556,-0.71021134,0.82407707,-0.67307866,0.85550255,-0.7542768,-0.82940567,0.16617621,0.41436285,0.025706513,0.9429637,0.9647468,0.961767,-0.17350045,0.5718975,0.87918204,-0.8672039,0.88500625,0.21569234,0.9718928,0.055192683,0.98736846,0.9893947,0.5179045,-0.8104822,0.8187788,0.92848545,0.4569164,-0.98873186,0.11589842,-0.9758954,0.8091171,-0.8262649,0.6385968,0.89397436,-0.7483323,-0.6359409,-0.28634465,-0.2544246,0.25639197,-0.75524706,-0.790918,-0.7078105,0.1240665,-0.12933592,-0.81221646,0.14495464,0.88884395,-0.79908305,-0.7470342,-0.56413925,0.5513885,0.8542692,-0.2952888,0.95155793,-0.052061096,-0.47097245,-0.99945843,0.50983703,0.8696305,-0.9561719,0.1686413,-0.8747906,0.20889124,-0.86280555,-0.49687773,0.120990075,0.8904645,0.92240995,0.5608227,0.7088833,-0.07844122,-0.2681156,-0.9097184,-0.24202706,0.25376654,0.32119498,-0.60634905,-0.8146351,0.28725415,0.36282575,0.3372348,-0.88623875,0.06439683,-0.9040332,0.69547814,0.38763595,0.4536077,0.854338,0.95569205,-0.65330356,0.97250235,0.8282092,-0.8861374,-0.9871874,-0.7480573,0.28554055,-0.8747581,-0.9554808,0.4001921,0.4339518,-0.9864716,-0.33278432,0.40760934,0.7123886,-0.9361845
synthetic_tile_003,0.65944415,0.9055284,0.31261605,0.35137832,-0.15201157,-0.7089147,0.25795418,0.9447879,0.89736474,0.9817518,0.93679917,0.08375878,-0.28285497,-0.02119343,0.09987362,-0.35139108,0.34581777,-0.25147188,-0.57911444,0.65117335,-0.8665474,0.38919222,-0.97617185,-0.6337704,0.8086174,-0.74025464,0.74110407,-0.72472703,-0.84303236,-0.01902482,0.40288445,-0.03645252,0.91153437,0.9644054,0.97728837,-0.0003031194,0.67778397,0.92352396,-0.8005328,0.8101022,-0.019245528,0.9706438,-0.00021457672,0.9892103,0.98981756,0.41809323,-0.8640776,0.8042377,0.9286658,0.42253,-0.9866069,-0.011316587,-0.9786565,0.77036434,-0.83870894,0.7015544,0.884075,-0.7619989,-0.61526483,-0.32373562,-0.21253793,0.3246703,-0.86653703,-0.80531794,-0.7827947,0.25421038,-0.43362862,-0.7872379,-0.057072394,0.9064308,-0.84948456,-0.67116755,-0.52159643,0.5205107,0.88815284,-0.34179956,0.9470514,-0.23393789,-0.5954537,-0.99966806,0.59383804,0.8556644,-0.9700031,-0.028547114,-0.8899184,0.35121816,-0.874204,-0.36753437,0.43015718,0.8889072,0.94415337,0.5797182,0.80412656,-0.2136316,-0.47815633,-0.88628435,-0.2115937,0.2443507,0.06502744,-0.67235184,-0.8354222,0.2180781,0.42117903,0.35508734,-0.8514593,-0.049120672,-0.9014204,0.6780186,0.16327387,0.50473243,0.86422986,0.9571054,-0.54959124,0.97361076,0.8362686,-0.8731949,-0.98981684,-0.76524454,0.36515084,-0.8706035,-0.97146845,0.4527562,0.42338577,-0.9869494,-0.28260472,0.37579277,0.7428276,-0.8979427
synthetic_tile_004,0.6136503,0.9127067,0.23218668,0.41810867,-0.11620032,-0.6952287,0.30274856,0.95003223,0.845992,0.97878486,0.9320481,0.22491151,-0.4492448,-0.15522005,0.17574574,-0.6169887,0.39420202,-0.24278037,-0.20203702,0.72936016,-0.8164719,0.35666445,-0.9766026,-0.6470978,0.8112921,-0.6947034,0.8422289,-0.61269057,-0.80157447,-0.08802183,0.38370743,-0.11618614,0.88730323,0.9800164,0.97162926,0.0067592724,0.6196791,0.8995858,-0.8678388,0.7942722,0.18585323,0.959058,0.10278664,0.9882578,0.99042666,0.38069168,-0.8459521,0.8100152,0.93878883,0.44677174,-0.9877889,-0.011720177,-0.97782373,0.72099954,-0.82620966,0.7052374,0.86490583,-0.74069715,-0.6510459,-0.15585542,-0.29150593,0.2930959,-0.8223401,-0.81888616,-0.78740406,0.0098995315,-0.25531787,-0.76814854,-0.11022586,0.908582,-0.7504662,-0.687693,-0.47166535,0.48303157,0.8352708,-0.3985967,0.93832415,-0.27775335,-0.4797629,-0.999544,0.48014823,0.8400016,-0.9627297,0.072712556,-0.8588483,0.49729759,-0.856374,-0.4723535,0.19141583,0.8898095,0.93723786,0.5168155,0.77895,-0.07984023,-0.33602586,-0.91165656,-0.20144427,0.20383617,0.2504447,-0.7097458,-0.6767621,0.21582244,0.3972975,0.044372935,-0.8984902,-0.08020658,-0.93225014,0.73017275,0.37096268,0.33692187,0.81304485,0.96834874,-0.6107726,0.9750832,0.84913784,-0.8839002,-0.9823769,-0.760533,0.23167016,-0.8620733,-0.9609894,0.46407786,0.45243073,-0.9859503,-0.042933952,0.40133724,0.71727157,-0.91989
synthetic_tile_005,0.65332735,0.8889746,0.27497244,0.38078913,-0.07261703,-0.6632651,0.31442818,0.94724363,0.8774942,0.96698123,0.92410284,0.21042103,-0.45795494,-0.021367932,0.169216,-0.42027706,0.41026306,-0.19153069,-0.249199,0.6423074,-0.82660806,0.24553902,-0.9744944,-0.62717086,0.85576266,-0.7338868,0.83223915,-0.6431815,-0.83425874,-0.105054185,0.3719135,0.05456094,0.88558596,0.9799807,0.9766985,-0.08343673,0.66742635,0.8675868,-0.8620235,0.77664,0.2375322,0.97903174,0.23151422,0.9874433,0.989436,0.38502225,-0.83298475,0.8183101,0.9179866,0.4119304,-0.9908689,0.05942976,-0.98512447,0.7646871,-0.86291414,0.68321127,0.8854192,-0.7615993,-0.62261635,-0.23835172,-0.1771881,0.1359688,-0.81088555,-0.7870857,-0.7883126,0.08290582,-0.19955994,-0.7565695,0.048830416,0.9236623,-0.8523058,-0.6517742,-0.5064511,0.529077,0.8106822,-0.5312036,0.9163439,-0.27378246,-0.5361023,-0.99931556,0.6186919,0.8778264,-0.95356476,0.1553821,-0.9080188,0.38126647,-0.86842483,-0.44382745,0.18665041,0.9023861,0.9301139,0.56705314,0.7830731,0.032607943,-0.38210487,-0.92664385,-0.01534851,-0.06436917,0.32082665,-0.7375739,-0.709943,0.20489225,0.32762805,0.1112823,-0.8782838,0.08542952,-0.93904626,0.75185776,0.32480025,0.48473215,0.76120305,0.9673256,-0.59786975,0.9761766,0.8254438,-0.8756959,-0.9869024,-0.6175573,0.14323999,-0.86293226,-0.9550025,0.5005596,0.5377732,-0.9823379,-0.17632176,0.58001465,0.78280246,-0.89698136
synthetic_tile_006,0.6690751,0.9011723,0.26661283,0.34095377,-0.10850722,-0.6535816,0.25239083,0.9276194,0.9193972,0.9806392,0.9234441,0.15107353,-0.26352316,0.0150292525,0.09794887,-0.57247883,0.3976138,-0.25896543,-0.4828462,0.69425297,-0.80507255,0.36478487,-0.97661984,-0.6539933,0.82837,-0.72448426,0.8447594,-0.630891,-0.775792,0.2226342,0.39453974,-0.051030908,0.9109724,0.95290154,0.9725175,-0.012445046,0.6626424,0.9067182,-0.8386917,0.79610485,0.10652101,0.9509097,0.052113842,0.9905239,0.9907953,0.42399538,-0.8568594,0.84002924,0.94830763,0.49862257,-0.98352927,0.0058581196,-0.98029524,0.76048857,-0.7633026,0.65227365,0.9013246,-0.72776556,-0.61664575,-0.24172798,-0.100711435,0.2761168,-0.8357023,-0.7845606,-0.8060082,0.23219876,-0.12215554,-0.7605967,-0.09206342,0.91857976,-0.8540857,-0.6618707,-0.6514043,0.3811969,0.8300254,-0.3184408,0.95541507,-0.24284415,-0.47732133,-0.9995865,0.3721102,0.8786824,-0.96680516,0.0826527,-0.8618521,0.425302,-0.86048,-0.38077676,0.30374467,0.92037535,0.9303034,0.44689527,0.7803157,0.040320527,-0.29764158,-0.91373354,-0.019359196,0.3213992,0.15807429,-0.6297379,-0.7648568,0.27292335,0.41876632,0.24960585,-0.8409269,-0.007870758,-0.9167026,0.6397199,0.26263434,0.338932,0.8661142,0.9717865,-0.6137831,0.9753918,0.8656283,-0.9050318,-0.9890679,-0.82832944,0.23486145,-0.8798033,-0.94927245,0.35498393,0.38721883,-0.98465824,-0.33196723,0.438143,0.69985867,-0.92413765
synthetic_tile_007,0.7127528,0.906617,0.3061261,0.50153077,-0.14194031,-0.5984492,0.44360277,0.9378795,0.8348374,0.9785464,0.90838116,0.22748595,-0.33830532,-0.06587441,-0.022874946,-0.5652245,0.3558508,-0.23504157,-0.36769128,0.6549863,-0.8331554,0.28683716,-0.9717981,-0.6320313,0.8211762,-0.68395454,0.8387437,-0.61959386,-0.78685755,0.013596501,0.40955302,0.007357204,0.86217314,0.9745576,0.9679799,-0.0026189329,0.6428425,0.880388,-0.8665151,0.7943619,0.28379324,0.9543181,0.34826618,0.9884965,0.9906252,0.45850518,-0.85389143,0.79737526,0.9430756,0.5818442,-0.98531514,-0.016331363,-0.976942,0.7601467,-0.82324964,0.66868174,0.8624322,-0.69576526,-0.6172153,-0.27066547,-0.36435243,0.3521716,-0.7893608,-0.7360813,-0.8139145,0.063095346,-0.24652138,-0.7383327,0.02839916,0.91139543,-0.8407465,-0.62469095,-0.4098779,0.5229464,0.8109538,-0.22246999,0.91961133,-0.22990401,-0.45905435,-0.9993485,0.58897674,0.83734584,-0.9640595,0.127086,-0.8621963,0.41279626,-0.8578483,-0.48470607,0.124144286,0.8946489,0.9265733,0.4289166,0.7287404,0.043034237,-0.18821205,-0.911725,-0.07866843,0.15863657,0.32823348,-0.6376577,-0.600353,0.20977637,0.48652816,0.060659293,-0.881168,0.12571919,-0.9285485,0.7326916,0.20031427,0.45235887,0.8584029,0.97246313,-0.44895482,0.97563815,0.85619724,-0.88698417,-0.9845776,-0.6253206,0.23532428,-0.8503174,-0.95155066,0.530093,0.5198685,-0.98590785,-0.16781981,0.5128457,0.7915319,-0.9162285
synthetic_tile_008,0.5704974,0.87968564,0.3890376,0.4029051,-0.12202226,-0.8007978,0.3238326,0.929722,0.844308,0.97848797,0.9182049,0.15414,-0.38268563,0.015911428,-0.13066551,-0.6623873,0.47160485,-0.37596917,-0.19245046,0.6417879,-0.75753546,0.20514706,-0.9851322,-0.64604425,0.8263583,-0.59504044,0.8694269,-0.6957042,-0.8358356,-0.018710934,0.4137042,-0.20510311,0.881896,0.97338736,0.975884,0.0064967256,0.8006837,0.9179581,-0.8823288,0.7817546,0.2783169,0.9787732,0.15050894,0.99016565,0.98958784,0.48737687,-0.8440734,0.85899556,0.9440691,0.5074189,-0.987752,-0.21922944,-0.9762278,0.74715436,-0.86413926,0.7064534,0.8816782,-0.6556445,-0.49631283,-0.2553403,-0.43131655,0.3177796,-0.83713895,-0.7566106,-0.74382454,-0.017136386,-0.26901582,-0.78270197,-0.10190724,0.84549683,-0.75130683,-0.69634324,-0.49205354,0.34946233,0.8646791,-0.37957403,0.9193918,-0.29010817,-0.49242374,-0.99959177,0.5521847,0.9233063,-0.9658346,0.19568707,-0.80799115,0.21986963,-0.8351833,-0.4179949,0.27516016,0.90196204,0.95077884,0.59512657,0.6642059,-0.036220755,-0.4942562,-0.9281824,-0.05787906,0.087799594,0.2739063,-0.73907053,-0.7326468,0.011110206,0.5349881,0.19369483,-0.87187296,0.26716712,-0.91309696,0.62395614,0.42180312,0.38409486,0.8698378,0.9803495,-0.45385832,0.97250545,0.80152106,-0.913779,-0.9885696,-0.7634821,0.36552808,-0.9062398,-0.96158516,0.64814556,0.39204487,-0.9845546,-0.27264762,0.49146342,0.72635466,-0.92505205
synthetic_tile_009,0.71105665,0.8998289,0.31857318,0.38622674,-0.19598939,-0.6515756,0.24309362,0.94370604,0.85477114,0.9721408,0.9014179,-0.06556248,-0.2087702,-0.25050357,0.1238211,-0.56610906,0.41270313,-0.2984369,-0.30846146,0.7014841,-0.8434415,0.494963,-0.95804167,-0.752768,0.82394385,-0.6673647,0.7867288,-0.7192622,-0.8043858,0.055237874,0.32405713,0.13439108,0.8861151,0.9747327,0.9805091,-0.14184433,0.6822354,0.91935253,-0.85850626,0.7006452,0.12698722,0.9748108,0.07606027,0.9824985,0.99088335,0.30934232,-0.8540848,0.8258479,0.9300739,0.3860921,-0.9804028,0.061497822,-0.9815606,0.78249073,-0.74311996,0.56614846,0.85438436,-0.7987412,-0.57851195,-0.31131154,-0.15257883,0.21698308,-0.88328344,-0.65940607,-0.7619238,0.18990514,-0.19866608,-0.75987256,-0.07854881,0.82690865,-0.7407972,-0.7069824,-0.48981014,0.41649142,0.8560985,-0.16157025,0.93027055,-0.33955818,-0.39658478,-0.9994773,0.55169183,0.8798519,-0.97431386,0.10483032,-0.86257255,0.35321584,-0.8672584,-0.49832726,0.15381622,0.86290205,0.9446919,0.44899756,0.74922204,-0.09326987,-0.22124214,-0.89605814,-0.28839377,0.24557334,0.20043713,-0.7750039,-0.7728413,0.061787475,0.38156927,0.24815324,-0.8389921,-0.06055591,-0.8704616,0.72503304,0.26362506,0.6086576,0.86118543,0.9589192,-0.5039432,0.97335285,0.7941402,-0.90689707,-0.9901663,-0.7994889,0.15990376,-0.87504584,-0.9686278,0.39218256,0.2594923,-0.9873009,-0.3591863,0.23755938,0.68303394,-0.913268
synthetic_tile_010,0.73958105,0.90003,0.35622674,0.4707675,-0.16567954,-0.7438648,0.29778275,0.9364893,0.8956663,0.98098475,0.94147575,0.039193347,-0.42215574,-0.013315844,0.12423857,-0.44696242,0.57487005,-0.3582016,-0.109420456,0.6396401,-0.8082387,0.4030663,-0.9765131,-0.72328866,0.8285418,-0.64713913,0.8721972,-0.7423716,-0.8376044,0.062155873,0.57813466,-0.034438573,0.8878158,0.97789633,0.9764159,-0.22060692,0.7601771,0.8947219,-0.85611403,0.8816762,0.23089622,0.9697526,0.025781013,0.9898125,0.99144155,0.5025285,-0.83797383,0.7900988,0.9464718,0.54511493,-0.986237,0.06588355,-0.97825086,0.7311578,-0.8175095,0.6725571,0.8972566,-0.78759795,-0.6778683,-0.098141186,-0.15238796,0.360101,-0.8646763,-0.79150337,-0.8102083,0.20080298,-0.26674458,-0.78573185,-0.09592101,0.87838995,-0.8021261,-0.6747603,-0.51368576,0.3596274,0.8873858,-0.40125528,0.93620145,-0.19331528,-0.5488755,-0.99953896,0.57191694,0.86977184,-0.9573562,0.15232104,-0.86680233,0.2996307,-0.84619194,-0.4619017,0.3119939,0.8875868,0.934058,0.52049655,0.7656417,-0.031624995,-0.41578335,-0.9201727,-0.18936989,0.10172279,0.40015757,-0.64532393,-0.7485488,0.2838858,0.3709504,0.33038026,-0.8712222,-0.11202361,-0.917736,0.61948764,0.33347812,0.44962856,0.79609835,0.969731,-0.6003318,0.97627383,0.87358886,-0.8879414,-0.9898179,-0.76723653,0.29852208,-0.89518565,-0.9548573,0.45067266,0.46772283,-0.98056823,-0.15936752,0.44789794,0.7459479,-0.9168647
synthetic_tile_011,0.6568481,0.86955845,0.43840557,0.41243368,-0.20286335,-0.7349812,0.24014112,0.93276143,0.84878796,0.9797755,0.93869704,-0.16534744,-0.3690621,-0.19038548,0.14715171,-0.4908046,0.38188013,-0.25507894,-0.22363593,0.66155285,-0.8419625,0.31848645,-0.97608143,-0.6402417,0.77574986,-0.7506596,0.8416891,-0.7070299,-0.79834604,0.1878601,0.45598614,-0.18731716,0.9031164,0.9739492,0.96780443,0.102266744,0.66518986,0.9387378,-0.86153334,0.83147395,0.15567575,0.9673078,0.07860321,0.98697,0.9894933,0.41421032,-0.8023548,0.85639066,0.9526871,0.3952287,-0.98190385,-0.0014670448,-0.97940207,0.8081963,-0.846448,0.6814113,0.85671467,-0.7198876,-0.6228296,-0.31561375,-0.23610884,0.30806828,-0.8855694,-0.78473276,-0.7657417,0.09720177,-0.39469776,-0.719504,-0.13525762,0.8575907,-0.7496589,-0.71881646,-0.49783847,0.41995424,0.8619995,-0.34579998,0.9428914,-0.21924753,-0.48610583,-0.9996159,0.429865,0.8476984,-0.97347015,0.07038081,-0.8467482,0.27774712,-0.867528,-0.36030135,0.25188828,0.9070071,0.94886,0.54290634,0.7818541,-0.114918284,-0.41520154,-0.90955293,-0.21238743,0.20734179,0.11337199,-0.6992246,-0.7222863,0.17515323,0.47933295,0.21422124,-0.8918713,0.10767764,-0.8939372,0.691495,0.3381921,0.37470278,0.8374231,0.9511659,-0.51974726,0.9735215,0.8507289,-0.8906908,-0.98667103,-0.79657656,0.31128335,-0.92443943,-0.964797,0.51810175,0.39970496,-0.9878613,-0.19936486,0.35481018,0.76680875,-0.9312541
synthetic_tile_012,0.66507643,0.9277136,0.2918904,0.5042236,-0.06281761,-0.681668,0.48749846,0.9241538,0.8217631,0.97629297,0.91859615,-0.09427882,-0.47172838,0.06632691,0.116399825,-0.6302689,0.44966882,-0.2951781,-0.21555673,0.67586607,-0.84839064,0.44152007,-0.9850519,-0.7727916,0.81448954,-0.7127809,0.8725715,-0.74736863,-0.8848637,0.1002499,0.23953184,0.23565999,0.9119776,0.9707685,0.9658046,-0.08892301,0.6655197,0.8947585,-0.85574484,0.7685787,0.2781057,0.963001,0.10113276,0.9910993,0.9906265,0.54423386,-0.7962056,0.8349181,0.9515112,0.5356802,-0.9853956,0.0009416972,-0.97407734,0.70602584,-0.79455835,0.5553829,0.85748655,-0.81231153,-0.61231077,-0.36702767,-0.32828555,0.33134022,-0.7832729,-0.7471371,-0.78023046,0.25741538,-0.104469,-0.82862693,-0.01298879,0.8900761,-0.7340316,-0.70552766,-0.56704134,0.50483406,0.82624143,-0.21690094,0.9216274,-0.31310442,-0.5160544,-0.99955595,0.5686227,0.9216319,-0.96514684,0.15005286,-0.8486082,0.32395804,-0.8223765,-0.50265545,0.069444954,0.87631196,0.88831055,0.38047406,0.70111626,-0.06995474,-0.2756922,-0.9052031,-0.21370418,0.09553899,0.31958953,-0.66741145,-0.6996488,0.2155557,0.22797829,0.05844137,-0.82234704,0.2535915,-0.9155126,0.7210336,0.43264043,0.46031722,0.91205513,0.96898305,-0.5250892,0.974266,0.80317754,-0.90937304,-0.9852944,-0.59387237,0.21346469,-0.82792735,-0.9530699,0.5827328,0.3077527,-0.9892762,-0.2945417,0.5202232,0.8171956,-0.92464113
synthetic_tile_013,0.63274133,0.89803237,0.30047834,0.3515251,-0.12432959,-0.7263973,0.3907257,0.9185825,0.88219064,0.97922957,0.94039124,0.11837815,-0.43572,-0.10068948,0.120812126,-0.61204624,0.50753266,-0.38828778,-0.20091671,0.7879308,-0.80913115,0.3626254,-0.98237723,-0.7425539,0.81789035,-0.73157316,0.8271162,-0.70836586,-0.83270097,0.07586184,0.3558464,-0.1768825,0.9119855,0.96933323,0.97228503,-0.020074561,0.673315,0.9064143,-0.8205893,0.81251055,0.25557935,0.9660425,-0.02230158,0.9866516,0.9887167,0.40799254,-0.8418607,0.82376283,0.9344071,0.43928838,-0.9871383,0.024873344,-0.97359735,0.77346116,-0.840413,0.67214376,0.88398373,-0.7643644,-0.55632263,-0.2382832,-0.22962344,0.35315034,-0.79508483,-0.7532183,-0.80558795,0.113004066,-0.32427645,-0.7771542,-0.022781095,0.8948224,-0.78121513,-0.67898256,-0.502954,0.4722768,0.86810166,-0.39874488,0.9306934,-0.26048002,-0.5184095,-0.9995596,0.4980406,0.8971132,-0.9691292,0.15285769,-0.86789924,0.4254989,-0.87588286,-0.35578287,0.22855121,0.91980183,0.9374326,0.5673067,0.7681067,-0.12297039,-0.26934382,-0.917015,-0.15691432,0.19318523,0.23388399,-0.6696575,-0.7423419,0.3388378,0.43113515,0.1724952,-0.89270127,-0.07001106,-0.9406497,0.69323534,0.3347753,0.35092294,0.8607435,0.9658391,-0.601511,0.9816972,0.8801858,-0.8916599,-0.9854876,-0.8068774,0.23324506,-0.9043776,-0.95408154,0.5664975,0.4284765,-0.9882845,-0.16414236,0.48758668,0.7716716,-0.91627085
synthetic_tile_014,0.6687986,0.8859978,0.2070237,0.3434674,-0.058735624,-0.6772138,0.18304679,0.8914389,0.8997912,0.97523385,0.9513709,0.07550971,-0.18856147,0.050956067,-0.0021108058,-0.6102703,0.3476978,-0.35234246,-0.2126644,0.7591511,-0.84528095,0.3800175,-0.9771114,-0.76008457,0.8438974,-0.70686823,0.77333236,-0.61749285,-0.85369927,0.10044657,0.35764784,-0.027103202,0.9123932,0.9693567,0.96005285,-0.21731068,0.70424557,0.8953916,-0.83331937,0.79020053,0.24358463,0.9692271,0.16965635,0.98803085,0.98731244,0.5269494,-0.8307559,0.84683317,0.93044823,0.41654533,-0.98408484,0.27448168,-0.97675717,0.75984836,-0.89080733,0.6302914,0.87149614,-0.700488,-0.5680266,-0.41662636,-0.17106412,0.12904729,-0.86341614,-0.78336126,-0.6972189,0.19599171,-0.2924693,-0.78880244,0.1801515,0.83299667,-0.8612716,-0.80299866,-0.59034735,0.5449685,0.8583197,-0.07516123,0.9148069,-0.30566636,-0.55752033,-0.99950725,0.5162839,0.909373,-0.97188085,0.108527556,-0.8990283,0.25101787,-0.7690421,-0.28162506,0.19615623,0.909222,0.95283574,0.41041246,0.7301644,-0.07126015,-0.33088204,-0.9229109,0.054896187,0.17348215,0.16374606,-0.6254036,-0.70826006,0.13129014,0.39908427,0.37685218,-0.8906898,-0.20813861,-0.9319962,0.71683276,0.58170635,0.469905,0.8605205,0.9646037,-0.4279072,0.9637961,0.88536656,-0.89440924,-0.98286295,-0.72894895,0.16495956,-0.8712355,-0.9411732,0.5661533,0.5602079,-0.9833909,-0.31719604,0.4100787,0.8196887,-0.8971556
synthetic_tile_015,0.66947126,0.9077298,0.36042276,0.38836417,-0.13985625,-0.6209129,0.34687683,0.9288244,0.88388,0.980585,0.92200834,0.053167958,-0.36989674,-0.18030591,0.17094274,-0.6400827,0.4826634,-0.34958386,-0.2694817,0.6648961,-0.8242788,0.29178423,-0.97531015,-0.72080916,0.83836955,-0.64521456,0.8660741,-0.7314164,-0.82814574,0.20708206,0.28229362,-0.07503531,0.90840155,0.97467804,0.96661496,-0.24330452,0.62041044,0.9284297,-0.849053,0.8005429,0.19685176,0.96293855,0.057797585,0.9872285,0.99189925,0.45346525,-0.8172498,0.8081499,0.9514616,0.46082366,-0.9856766,-0.0156153375,-0.96600676,0.7370149,-0.82912886,0.7006674,0.86868197,-0.7373151,-0.66797566,-0.16789338,-0.16831444,0.20589261,-0.8193478,-0.7455412,-0.77244097,0.15895088,-0.20592839,-0.8060028,-0.10902485,0.865202,-0.75591934,-0.7866326,-0.66340154,0.4057665,0.85937196,-0.25897023,0.9306595,-0.25069165,-0.47399879,-0.9995754,0.41719443,0.8965728,-0.96956617,0.14596938,-0.83307356,0.2851968,-0.88274693,-0.33902872,-0.045143954,0.865263,0.9403991,0.48621622,0.7551636,-0.12724413,-0.29896632,-0.92518777,-0.09048368,0.30159345,0.27623472,-0.6556783,-0.71630806,0.21999316,0.44586733,0.22135551,-0.84985596,-0.094246075,-0.8839741,0.66387093,0.4462885,0.45021152,0.8746329,0.95734376,-0.5246113,0.9681421,0.8551886,-0.91279966,-0.9895536,-0.7500024,0.23190619,-0.8623287,-0.9602342,0.44027767,0.4468739,-0.9877997,-0.2725531,0.40889594,0.7665044,-0.9481834
synthetic_tile_016,0.06122435,0.7395843,0.27179953,0.46910337,-0.38859835,-0.6371912,0.035227202,0.79524744,0.655038,0.8152559,0.7743876,-0.13627355,-0.02332866,-0.13454701,0.026147794,-0.2993051,0.059729725,-0.14062436,-0.2521698,0.16641167,-0.7714069,-0.1808956,-0.9394283,-0.44565317,0.648832,-0.539875,0.5228656,-0.63284546,-0.54066926,0.17463209,0.37730697,0.2415474,0.81702393,0.8720624,0.89506793,0.023006149,0.6160435,0.5567973,-0.47080773,0.63889915,-0.20200746,0.9051351,0.12085955,0.9162717,0.8956695,0.16855851,-0.6040094,0.6707215,0.9047083,0.2925202,-0.9055196,0.101510026,-0.88804746,0.53273594,-0.45920926,0.36860892,0.62242264,-0.40600473,-0.23951994,-0.41206235,0.012170219,-0.05383804,-0.753863,-0.54641527,-0.4758639,0.041108917,-0.018947043,-0.3118004,-0.062245898,0.56587875,-0.6305009,-0.6562274,-0.46528792,0.25832695,0.465475,-0.33473396,0.7580657,-0.2273813,-0.48419458,-0.9928184,0.4966078,0.7536957,-0.88272256,0.020530475,-0.7584635,0.2648385,-0.54847324,-0.53107756,0.4453979,0.40482387,0.87870157,0.3463126,0.51464283,-0.24877149,-0.21354836,-0.6910565,0.025847714,-0.046291508,0.3801966,-0.7716072,-0.44870448,-0.11555074,0.45059735,0.09443119,-0.7018596,0.0021393416,-0.67774254,0.5449741,0.3436844,0.5840975,0.8732129,0.8814247,-0.5085299,0.9083762,0.49972048,-0.8262903,-0.9140504,-0.23809622,-0.12286088,-0.49561113,-0.8235037,0.23328726,0.20234276,-0.9043389,-0.14934114,0.51728976,0.52406824,-0.8955719
synthetic_tile_017,0.16970555,0.8124298,0.26596105,0.3161746,-0.1884156,-0.562481,0.14141902,0.65683675,0.6197595,0.80335194,0.5859374,0.016940523,0.043792978,0.26821014,0.3357088,-0.09497925,0.099906355,0.069396906,-0.062348615,0.19416094,-0.66311985,0.09757176,-0.88083977,-0.26799655,0.66013485,-0.49954328,0.59347904,-0.48050368,-0.36628887,0.26240999,0.28567052,0.2386562,0.7592856,0.83025205,0.87381727,-0.08815758,0.37011927,0.70167446,-0.42310554,0.61871755,0.020436015,0.86754876,0.11558056,0.8291166,0.9108166,0.26194203,-0.6005942,0.5630155,0.83622324,0.44158182,-0.9027597,0.05790172,-0.8700129,0.5919515,-0.40010887,0.43850386,0.5679321,-0.44048694,-0.27208334,-0.2490379,0.10324339,-0.04132506,-0.7849386,-0.3968323,-0.522783,-0.11911858,-0.2402065,-0.27380797,-0.014228486,0.62756383,-0.53904146,-0.58916044,-0.4347716,0.38837892,0.38609672,-0.49706507,0.73342234,0.04927106,-0.14206462,-0.96660376,0.39207742,0.6403692,-0.8676379,0.07805822,-0.6467786,0.3719007,-0.563884,-0.41395032,0.25927612,0.4794091,0.8644668,0.38766497,0.21502501,-0.17773524,-0.00505141,-0.7402794,0.2192615,0.1639842,0.27801523,-0.62177116,-0.35763887,-0.018082138,0.34450498,-0.2544565,-0.73121107,0.18654084,-0.7147243,0.45841962,0.3868805,0.54334414,0.8600142,0.82767594,-0.3194872,0.8731429,0.46057758,-0.5964499,-0.93265533,-0.4815621,-0.18665761,-0.5765178,-0.77114606,0.31003577,0.34211254,-0.9088795,-0.31596726,0.49549577,0.60079175,-0.8436433
synthetic_tile_018,0.14710757,0.8396351,0.094677,0.5150879,0.0026926184,-0.6456479,0.22809832,0.81972,0.55892926,0.8989089,0.6691964,-0.10089522,0.021028861,0.18002646,0.12211169,-0.3478993,-0.010786339,-0.10874214,-0.051068492,0.42207727,-0.805452,0.060419776,-0.9601942,-0.49001098,0.71830374,-0.5127899,0.6781261,-0.68789124,-0.4443744,0.2206234,0.47968373,0.17016335,0.8454143,0.9257838,0.89169204,-0.07229842,0.67427987,0.75495833,-0.51595163,0.6410925,-0.18771768,0.90276295,0.045766905,0.9648132,0.9535887,0.29018688,-0.58274126,0.7547845,0.9360466,0.4020474,-0.9403443,0.06686164,-0.9242303,0.68301797,-0.4843935,0.4632731,0.6463671,-0.53778136,-0.35721716,-0.15742229,0.14445215,0.3170628,-0.8383324,-0.5731031,-0.6254862,0.091248706,-0.25246027,-0.57499117,0.09393888,0.6796893,-0.7041648,-0.6955868,-0.4375418,0.4559817,0.59242904,-0.42694026,0.8258948,-0.23800105,-0.52746844,-0.9961175,0.3893513,0.72551745,-0.88756895,0.20897119,-0.8437472,0.38137582,-0.5153146,-0.5034713,0.4081538,0.7206348,0.9137823,0.32981035,0.63573647,-0.2543545,-0.22660854,-0.81504,0.11387076,-0.05920769,0.14424329,-0.7795826,-0.40055034,-0.052788984,0.24382454,-0.060153,-0.80794436,0.055186242,-0.7102421,0.48663923,0.36839652,0.6436303,0.87648886,0.91537434,-0.36753398,0.9527834,0.65179026,-0.81878334,-0.95741576,-0.34070092,-0.10093243,-0.5753731,-0.8870322,0.4264804,0.4065014,-0.9458036,-0.15223129,0.6520137,0.4301503,-0.92382246
synthetic_tile_019,0.725341,0.91806835,0.25399068,0.24740489,-0.08198179,-0.70223284,0.40366203,0.8970246,0.8857337,0.97981626,0.9439948,0.09539755,-0.25770718,0.037021577,0.117336385,-0.55501634,0.399415,-0.4140333,-0.1715098,0.6666393,-0.80673355,0.20854817,-0.97640455,-0.78859305,0.83223355,-0.6900038,0.8279668,-0.7010954,-0.8439217,0.06556938,0.3735756,-0.16389322,0.93166536,0.9750944,0.9701257,-0.100728095,0.63296914,0.9147619,-0.8302896,0.8830042,0.167989,0.9741973,0.054837383,0.9804235,0.9917611,0.5024431,-0.8473869,0.83387405,0.91327405,0.21252072,-0.9882165,0.10013971,-0.96601266,0.85095376,-0.8718709,0.6822891,0.9018155,-0.7740519,-0.522413,-0.31228143,-0.24212186,0.13295087,-0.7860117,-0.7905325,-0.7033052,0.028696181,-0.13970755,-0.7106693,0.15438695,0.89431447,-0.7968082,-0.67621833,-0.5747895,0.5204109,0.87026316,-0.3976995,0.926079,-0.18677795,-0.44903883,-0.9994276,0.3768448,0.92921937,-0.9663215,0.23543283,-0.88930905,0.23272353,-0.8497012,-0.38752773,0.06829295,0.8691828,0.935575,0.51861954,0.65871066,-0.22732942,-0.20796636,-0.913899,-0.16087197,0.038903296,0.2190987,-0.75126725,-0.7019132,0.3189887,0.56742144,0.20036985,-0.89187783,0.08271481,-0.8646346,0.6348095,0.42694718,0.4850566,0.8977532,0.9490763,-0.5933188,0.9750132,0.86143327,-0.8822126,-0.9875088,-0.7290586,0.22523472,-0.8615334,-0.97352767,0.610436,0.33898747,-0.9879151,-0.1622593,0.59419674,0.81303465,-0.9522732
synthetic_tile_020,0.22494617,0.6082651,0.44337174,0.33713096,-0.21169786,-0.42538753,0.124235466,0.7770509,0.43156883,0.74415976,0.6360538,-0.2430597,-0.1431609,-0.15255381,-0.0026127414,-0.22138125,-0.0691022,-0.085177116,-0.36254364,0.545666,-0.7845001,0.15264954,-0.87331975,-0.34054908,0.66524,-0.50153154,0.70921814,-0.2781722,-0.5733543,0.065880984,0.42259446,-0.021656293,0.7693226,0.8618405,0.71241575,0.04486609,0.36848104,0.38962182,-0.26592076,0.46864882,-0.16965787,0.6316366,0.009388931,0.83339965,0.8045611,-0.0040715486,-0.624591,0.6177307,0.8340718,0.33498466,-0.8228841,0.453988,-0.8582153,0.58774114,-0.43935895,0.5536025,0.67493117,-0.5438887,-0.22511294,-0.40172276,0.19274437,0.1298476,-0.71654457,-0.4839046,-0.5173789,0.24952969,-0.14220406,-0.28452423,0.03649381,0.6484388,-0.6627616,-0.4478397,-0.35615215,0.16819476,0.3851995,-0.24106303,0.7064298,-0.44765016,-0.24620159,-0.9696028,0.33223432,0.55366004,-0.76032263,0.30658022,-0.80759746,0.3713395,-0.52447224,-0.335906,0.31717256,0.51354295,0.7910018,0.3533883,0.53290546,0.03143076,0.023377633,-0.7285418,0.12292503,0.066273116,0.185897,-0.6030557,-0.2420808,-0.07359993,0.15498762,-0.10271666,-0.72331476,-0.0016204272,-0.7272458,0.52890927,0.09959997,0.55639654,0.7262649,0.8004966,-0.42151633,0.829877,0.37098873,-0.8233167,-0.905557,-0.287604,-0.3079378,-0.24758357,-0.7727769,-0.12865679,0.2027485,-0.8941608,-0.26469457,0.48248747,0.29596502,-0.7476123
synthetic_tile_021,0.26612514,0.89567393,0.13278532,0.53493285,-0.06504748,-0.676598,0.21530187,0.81836784,0.6592299,0.9461785,0.80706865,-0.07814688,-0.16820036,-0.0050420333,-0.122698724,-0.38208637,-0.10316344,-0.24460767,-0.06396832,0.2621099,-0.81155586,0.111989364,-0.9620126,-0.62116235,0.8404185,-0.52790886,0.6381327,-0.7455637,-0.43496054,0.42350578,0.34008116,-0.01303344,0.8533458,0.9452877,0.92773825,-0.05963709,0.8240046,0.80325276,-0.546449,0.62169296,-0.21538197,0.9248497,0.23292014,0.98494077,0.971383,0.28398222,-0.66318,0.76999396,0.9673004,0.4483152,-0.9565742,-0.12883134,-0.92712545,0.72564745,-0.751253,0.49565488,0.6519189,-0.45489976,-0.405079,-0.27799228,-0.048976164,0.43624014,-0.86468333,-0.60873866,-0.6996767,-0.018772725,-0.2727951,-0.68938017,-0.064859115,0.78357875,-0.8263618,-0.6760705,-0.52374315,0.2972756,0.7535178,-0.51792413,0.8021447,-0.27364492,-0.50793463,-0.9982517,0.44117945,0.81148094,-0.9335685,0.14976263,-0.87668276,0.16304891,-0.6121383,-0.5336904,0.640847,0.8116475,0.93848944,0.29222363,0.67171276,-0.22991008,-0.29083234,-0.8233181,0.016907109,-0.38221696,0.08509892,-0.8555698,-0.5988534,0.07260336,0.28539285,0.2047716,-0.84350795,0.16232924,-0.71911013,0.41798857,0.24513125,0.72452265,0.9011812,0.9268851,-0.42711172,0.9657104,0.7698198,-0.81122595,-0.9657688,-0.49532726,-0.04553084,-0.6406214,-0.9435552,0.60876137,0.28155005,-0.9659929,-0.17217147,0.6429775,0.52096885,-0.9164514
synthetic_tile_022,0.16347302,0.79101473,0.23412253,0.5508688,-0.15102416,-0.5683891,0.050419867,0.8175734,0.52822787,0.7452657,0.78413534,0.0066865133,-0.17695932,0.06564277,0.061774574,-0.24327725,0.26475403,-0.037349544,-0.3591911,0.4586584,-0.75447,0.103650846,-0.89481014,-0.28445423,0.697292,-0.43985474,0.6680554,-0.26792794,-0.50014234,-0.050237957,0.44013625,0.38345465,0.72255975,0.8610667,0.80497617,0.1854432,0.43939936,0.5223446,-0.265474,0.61253166,0.23964763,0.72941303,0.115281306,0.87578434,0.85746604,0.053078853,-0.59421015,0.58948624,0.83519703,0.4721196,-0.82075936,0.18731458,-0.9034264,0.46782735,-0.3009741,0.22634524,0.69768345,-0.48001543,-0.19939043,-0.44848138,0.21675254,-0.04510131,-0.7486682,-0.56029195,-0.5359167,0.16662684,-0.25381055,-0.21667792,0.24888927,0.6444444,-0.6618629,-0.6145771,-0.28723788,0.1702306,0.22882576,-0.36828667,0.69968915,-0.3135032,-0.34780714,-0.9789822,0.40894708,0.5192626,-0.8372556,0.06462168,-0.736583,0.26225954,-0.5282462,-0.50936776,0.23028015,0.67607623,0.85769254,0.54539394,0.44214526,-0.064451076,-0.24484907,-0.7458403,0.11615173,0.008352238,0.30496195,-0.6174714,-0.33054817,-0.041488808,0.31691536,0.03531255,-0.63806605,0.09120105,-0.77629143,0.3693092,0.30419067,0.6820344,0.8722834,0.88901925,-0.22539659,0.9006076,0.6778164,-0.7350635,-0.9125988,-0.36054558,-0.26411998,-0.5529927,-0.82031107,0.24576205,0.23657618,-0.90036905,-0.17209746,0.4645942,0.4767458,-0.77463335
synthetic_tile_023,0.13646656,0.8725903,0.23926115,0.5440271,-0.12048762,-0.70098865,0.26627332,0.84101826,0.6566353,0.92666185,0.8069414,-0.071154915,-0.16191511,-0.04139179,-0.07302485,-0.42226204,-0.011835738,-0.28141075,-0.03876921,0.35983086,-0.8195706,0.1298624,-0.96278876,-0.6424747,0.81262136,-0.54484427,0.67382526,-0.7329217,-0.50533354,0.44262066,0.2747009,0.08350136,0.86753446,0.9466443,0.9198628,-0.11949723,0.7164717,0.7617353,-0.51555735,0.73765665,-0.09682883,0.92625856,0.1543938,0.9844246,0.9702959,0.17072503,-0.6989038,0.71653926,0.9580163,0.56870294,-0.95101255,-0.100397676,-0.92392766,0.68804497,-0.6736829,0.50858766,0.6981962,-0.43873268,-0.3976798,-0.03582382,0.13182566,0.4984352,-0.843089,-0.60482395,-0.6842554,0.13195747,-0.15074983,-0.5549245,0.020147383,0.7306862,-0.7746986,-0.6918102,-0.4349618,0.331396,0.7041134,-0.41704968,0.8651807,-0.066394955,-0.48043737,-0.99802774,0.54839367,0.8116813,-0.9186154,0.16342835,-0.82081956,0.19550359,-0.56246084,-0.57698536,0.6667105,0.7328201,0.9388668,0.3598469,0.66614217,-0.2863245,-0.1352674,-0.8335098,0.05746355,-0.099040516,0.1347289,-0.8483318,-0.6606597,-0.05603379,0.3814714,0.3595167,-0.79386723,0.09756151,-0.79546386,0.50747865,0.22546974,0.6932509,0.91738033,0.92300594,-0.37813798,0.947932,0.78610146,-0.7988036,-0.9556576,-0.40605998,-0.17951539,-0.5801139,-0.916356,0.5799892,0.38987595,-0.9580669,-0.018103544,0.59806013,0.4927616,-0.9241987
synthetic_tile_024,0.38880056,0.88153213,0.18542115,0.5446708,-0.1258071,-0.64379686,0.14319487,0.919518,0.808699,0.9607309,0.8066633,0.09383613,-0.005851932,-0.18624964,0.049871225,-0.1886938,0.28335413,-0.37825853,-0.20678627,0.42762372,-0.7660664,0.25090253,-0.9747646,-0.50133413,0.8464607,-0.5145835,0.71751505,-0.6672085,-0.6245227,0.19543853,0.37152028,0.09191918,0.84452397,0.96037245,0.9492351,-0.0073729907,0.7831242,0.86491686,-0.5819989,0.8092576,0.024023185,0.9513605,0.18669839,0.98484707,0.979765,0.48421735,-0.73503244,0.77772874,0.952028,0.35493323,-0.97304654,-0.0795962,-0.94129694,0.7474542,-0.81822866,0.4797659,0.75615734,-0.64541036,-0.52615136,-0.15977968,-0.13027585,0.49201274,-0.779979,-0.6444786,-0.7355914,0.009278549,-0.32073927,-0.6255794,0.06861424,0.81530166,-0.83378273,-0.6374808,-0.39796636,0.5475061,0.8503356,-0.60576415,0.9102263,-0.137225,-0.5867432,-0.9989199,0.45336655,0.8397155,-0.94115335,0.12436528,-0.80909973,0.27715406,-0.7444204,-0.48356932,0.46501148,0.906197,0.9275878,0.31482562,0.7330741,-0.0402631,-0.2722814,-0.8861907,-0.15905884,-0.07910293,0.12976225,-0.7113807,-0.63533485,0.27554956,0.5303244,0.10109678,-0.87733686,0.055701226,-0.8907198,0.5355689,0.3047061,0.64396024,0.87242043,0.9639323,-0.42195392,0.9696001,0.80139184,-0.82271165,-0.98056525,-0.56585056,0.050808012,-0.7832952,-0.95442027,0.57441515,0.3545683,-0.971785,-0.10126675,0.5139695,0.6671762,-0.907999
synthetic_tile_025,-0.018229377,0.86323386,0.024135849,0.50133705,-0.13039462,-0.7147345,0.39954132,0.80982953,0.59778094,0.8953638,0.78300047,-0.22021547,0.07589246,0.038569175,0.021752264,-0.42243627,-0.016898349,-0.186124,-0.20857297,0.4222724,-0.77527684,0.0070598554,-0.9612429,-0.44983914,0.83440256,-0.5390901,0.59296286,-0.6891926,-0.44673988,0.21281116,0.31555438,0.18522698,0.8762373,0.94211805,0.89441127,-0.06832946,0.78163,0.76349014,-0.5742019,0.61348057,-0.20491922,0.913911,0.0509356,0.9681455,0.95803475,0.26454306,-0.6317241,0.7098601,0.9589449,0.39685637,-0.94785535,0.00042877716,-0.88767546,0.72066087,-0.62669134,0.4816889,0.6943619,-0.42302427,-0.3840994,-0.12806036,-0.12592067,0.48294762,-0.84908825,-0.64535284,-0.6709605,0.13365895,-0.06826261,-0.67343247,0.033232488,0.7128039,-0.7504427,-0.69116664,-0.41820395,0.32424158,0.6447546,-0.4337606,0.84753966,-0.18555854,-0.49754262,-0.99625164,0.41609657,0.79083145,-0.92366934,0.084272236,-0.80824053,0.26146707,-0.5249244,-0.52062845,0.5837486,0.771513,0.92973596,0.4093246,0.61178315,-0.21631695,-0.097557224,-0.7942792,0.089092195,-0.2867242,0.29111576,-0.8162154,-0.51683605,0.02812773,0.47379103,0.13550413,-0.8163157,-0.034505952,-0.7139691,0.4724996,0.17066956,0.72910273,0.8906791,0.9401153,-0.45122027,0.9555361,0.7648,-0.80912083,-0.9596731,-0.47078812,-0.02217979,-0.62206864,-0.9098623,0.48109224,0.37922928,-0.9652788,-0.13853793,0.6211306,0.3593528,-0.91206497
synthetic_tile_026,0.23201765,0.8523756,0.14965504,0.6479954,-0.31785056,-0.625258,0.20198949,0.89253145,0.69753367,0.9530778,0.83327645,0.027526814,-0.1441587,0.00893429,-0.044363283,-0.36358583,0.031618454,-0.401939,-0.17282824,0.32111505,-0.78507066,0.18969817,-0.9633809,-0.6832405,0.82917076,-0.49947414,0.6176234,-0.7199038,-0.4743744,0.38421556,0.40598845,-0.06958175,0.8707055,0.94978863,0.9412988,-0.17765376,0.86165696,0.77119356,-0.5620616,0.6819235,-0.2080781,0.94996434,0.1519172,0.98735356,0.9773313,0.2196847,-0.70823115,0.77322644,0.96238685,0.35107827,-0.9705156,-0.22382665,-0.94222456,0.7073342,-0.8233928,0.5445243,0.6382534,-0.46895817,-0.33128268,0.020565858,-0.17582746,0.48024487,-0.83675027,-0.6747756,-0.65682995,0.014582692,-0.25783008,-0.6759914,-0.08498805,0.80159664,-0.8324211,-0.6618141,-0.44162777,0.32192013,0.83190787,-0.3812335,0.82633555,-0.11017441,-0.602552,-0.99897176,0.51271075,0.81151915,-0.9451769,-0.008531453,-0.8691879,0.37538362,-0.6714469,-0.51493835,0.69422096,0.8553782,0.9361875,0.1413233,0.762278,-0.24828401,-0.24487457,-0.8357078,-0.053310394,-0.13987464,0.31387392,-0.8394809,-0.7054712,-0.088905975,0.47829553,0.29098797,-0.81739193,0.117587924,-0.8449714,0.5954283,0.09076039,0.7638972,0.88932604,0.96288836,-0.31493062,0.95952904,0.74910265,-0.8218848,-0.95770603,-0.5311291,0.120993346,-0.7847738,-0.96739537,0.6311477,0.35666555,-0.96622884,-0.15697715,0.5824487,0.5906834,-0.9021694
synthetic_tile_027,0.31763676,0.8987624,0.05288202,0.48633453,-0.10323064,-0.672387,0.28226188,0.87233347,0.7126786,0.9583771,0.7895773,-0.022607079,-0.2033014,0.1876895,-0.23182636,-0.24140176,-0.10132763,-0.3552659,-0.009188989,0.16641802,-0.78624207,0.08945734,-0.9658738,-0.590058,0.8510363,-0.49901837,0.651043,-0.7950057,-0.37653828,0.47299567,0.34240362,0.019213699,0.84720784,0.95373994,0.93373877,-0.20652324,0.85638654,0.8047273,-0.57776135,0.68851775,-0.25111935,0.95086926,0.28900295,0.9865122,0.9797387,0.29124045,-0.71843505,0.7549837,0.9705327,0.30958524,-0.9703869,-0.21412605,-0.9344225,0.7133328,-0.81211036,0.46934196,0.64182085,-0.5294562,-0.37950534,-0.13418612,-0.0023399435,0.50582016,-0.80522543,-0.63654864,-0.6183977,0.04504201,-0.3179764,-0.6870275,-0.1271535,0.7699153,-0.82504517,-0.72868675,-0.57711494,0.41761622,0.83885986,-0.49011448,0.8489537,-0.16950512,-0.56293994,-0.9987458,0.4573588,0.8381882,-0.94663626,-0.013312001,-0.8940939,0.29220933,-0.66918844,-0.5725799,0.6763604,0.8422232,0.9459698,0.058444243,0.71662754,-0.16793784,-0.30116677,-0.8145224,-0.031905524,-0.31749585,0.096612185,-0.80831426,-0.65866214,-0.0037094632,0.2860119,0.27096817,-0.8404656,0.0807523,-0.8067056,0.47770578,0.15166305,0.74815995,0.8957809,0.9412496,-0.27139688,0.9660368,0.7587505,-0.79129004,-0.97088844,-0.57304406,0.092300214,-0.70863765,-0.95039654,0.6616452,0.30706078,-0.9685835,-0.22144635,0.7032868,0.51715946,-0.93957794
synthetic_tile_028,0.3190423,0.8077606,0.26832798,0.5338824,-0.10273232,-0.61613315,0.26467812,0.846317,0.54094017,0.8856242,0.7923083,-0.23382221,-0.37780762,0.024994204,-0.099642105,-0.13518226,-0.018434655,-0.17994963,-0.23127724,0.39591396,-0.85066444,-0.005560326,-0.94151723,-0.45742565,0.7600203,-0.55143726,0.61258394,-0.7819309,-0.4541758,0.21937631,0.3658702,-0.025589652,0.8175883,0.93787223,0.8915125,-0.07866219,0.73045605,0.7547853,-0.39131498,0.6594239,-0.1468824,0.90991086,0.28726587,0.9407627,0.9367796,0.19744381,-0.6617386,0.7020568,0.94377756,0.37853634,-0.9485994,0.06891147,-0.9079033,0.5974566,-0.6364525,0.4655958,0.73563474,-0.49922067,-0.17574602,-0.27690977,0.12357491,0.3140485,-0.84613687,-0.6665117,-0.7206104,0.056795523,-0.06894302,-0.39638385,-0.03151873,0.60021555,-0.74960697,-0.6601149,-0.29944718,0.33254418,0.46272537,-0.5709065,0.79645884,-0.54972136,-0.5608532,-0.9972997,0.2887106,0.7322701,-0.9054954,0.12106257,-0.8081422,0.33620462,-0.5453338,-0.50173116,0.4790188,0.5864887,0.9396578,0.462075,0.51215935,-0.055572677,-0.3511717,-0.79041934,-0.035484925,-0.038686093,0.14174405,-0.77927274,-0.4668077,-0.1666844,0.3217038,0.0056671486,-0.7936552,-0.05402466,-0.7223368,0.44476247,0.2920555,0.7698228,0.90345174,0.9080573,-0.4577235,0.92290795,0.638601,-0.8560201,-0.9632972,-0.34220275,-0.14177524,-0.5839851,-0.89012927,0.28050578,0.27774107,-0.9563442,-0.18936539,0.5856774,0.5609805,-0.9125134
synthetic_tile_029,0.29374307,0.58652633,0.46130174,0.15687189,-0.24624968,-0.56466883,0.23843955,0.7540464,0.5141189,0.7153605,0.7202114,0.05441588,-0.14123583,-0.01974347,0.27153718,-0.35709572,0.22408411,0.046724383,-0.33471435,0.38328183,-0.7398913,0.11492143,-0.88604623,-0.20976877,0.660539,-0.37858266,0.5599373,-0.17226525,-0.44519943,0.15779091,0.5086427,0.20084617,0.74845415,0.7986396,0.7800879,0.14305449,0.3906814,0.518636,-0.33632556,0.6688435,0.11813452,0.8069401,0.10557124,0.82996297,0.8391033,0.07864849,-0.36498192,0.5194619,0.6913962,0.49122623,-0.84154654,0.31222787,-0.859692,0.34231955,-0.36751798,0.49388552,0.4786776,-0.5289682,-0.3017062,-0.26641834,0.19744337,0.04870585,-0.683182,-0.5772475,-0.5704413,-0.009189321,-0.4411169,-0.4160801,0.28376994,0.5198549,-0.6625918,-0.580064,-0.436592,0.4194482,0.32969123,-0.35033733,0.70357877,-0.28702703,-0.5159361,-0.9542616,0.3436707,0.63018155,-0.7774171,0.120445564,-0.7589343,0.08029858,-0.5192837,-0.30987304,0.20407243,0.63275,0.8342827,0.34186006,0.56420463,-0.070868246,-0.18714151,-0.6872858,0.18082322,0.2660584,0.23953266,-0.6281156,-0.20653638,-0.22547223,0.2169157,-0.19722216,-0.6719682,-0.13784318,-0.63932073,0.3677009,0.34917668,0.52401185,0.75225264,0.82980853,-0.42480206,0.9017948,0.23862836,-0.7042093,-0.91586554,-0.20601572,-0.026502138,-0.48144254,-0.75073445,-0.0052312883,0.09074242,-0.8608385,-0.26777261,0.5130687,0.55773455,-0.75579786
synthetic_tile_030,0.21138996,0.7594236,0.31936005,0.28774917,-0.21046992,-0.5610403,-0.2154758,0.574732,0.35834587,0.68381584,0.78588176,0.0048007597,-0.09586641,-0.19237015,0.089241095,-0.18526879,0.009993057,0.0202737,0.1341592,0.38404503,-0.7524933,0.16286327,-0.8355696,-0.08851771,0.55065155,-0.578691,0.6112631,-0.42638868,-0.5044386,-0.03803554,0.20014425,0.040885597,0.69497544,0.77631086,0.8084346,0.068592705,0.57036966,0.6542949,-0.54487467,0.58169246,0.23419999,0.6938115,0.14865378,0.8842403,0.85595566,0.32328275,-0.6886913,0.6656953,0.7937612,0.3848254,-0.81360203,0.050536647,-0.8663765,0.46563873,-0.32688805,0.61532485,0.7527954,-0.36005986,-0.39720336,-0.50242555,-0.04850244,0.055057492,-0.7348172,-0.5504435,-0.34942377,0.1393148,-0.28612646,-0.2985676,0.24732041,0.48628843,-0.6009108,-0.57744515,-0.36318526,0.28220516,0.5630822,-0.3324596,0.7954565,-0.41532663,-0.38671985,-0.98215383,0.25024566,0.7454385,-0.8509403,0.107582316,-0.76133853,0.25906885,-0.4062428,-0.19890805,0.33689559,0.5251911,0.8454732,0.501205,0.13258064,-0.26806346,-0.0806326,-0.6340139,0.033239227,0.12237442,0.23978004,-0.40749463,-0.22842148,-0.217355,0.18396099,0.050763723,-0.7064782,0.12662378,-0.6031943,0.31848845,0.18282372,0.29917207,0.8324697,0.8127079,-0.37749824,0.8519255,0.32618153,-0.6849917,-0.8428824,-0.29143414,-0.10425329,-0.28226668,-0.7562925,-0.10331689,0.45088077,-0.85295457,-0.20904669,0.33846134,0.49341106,-0.76448745
synthetic_tile_031,0.052511707,0.62261206,0.46468565,0.23390658,-0.22500993,-0.51063144,0.101531215,0.68209213,0.56286734,0.7359428,0.6798682,-0.13744615,-0.17259796,0.018858805,-0.10940779,-0.18061583,0.13912605,0.097115666,-0.25485998,0.43755186,-0.5703679,-0.09859129,-0.77184093,-0.1992246,0.7295885,-0.4022864,0.5022068,-0.48218012,-0.33072734,0.182417,0.33446607,0.14366445,0.7510063,0.8483056,0.6824806,0.02094365,0.16769259,0.5664975,-0.44741517,0.5970668,-0.13210344,0.7387771,0.32975715,0.83440137,0.843609,0.29711896,-0.3857292,0.5053708,0.80752844,0.34713826,-0.86256576,0.17223094,-0.8405011,0.5141487,-0.45392156,0.4481781,0.562236,-0.3471456,-0.09548983,-0.40651092,0.1355729,0.24976477,-0.71012443,-0.37259382,-0.56908244,0.11410834,-0.12820765,-0.45693666,0.05670765,0.49888968,-0.57258135,-0.27872086,-0.15556552,0.23482117,0.3974156,-0.39360425,0.7457142,-0.22020888,-0.32077435,-0.97609824,0.0591793,0.54026234,-0.8757398,0.21011135,-0.5503555,0.36962122,-0.39593202,-0.37171108,0.32699952,0.49091762,0.8124337,0.24060299,0.24702565,0.043907985,-0.035671245,-0.70461124,0.13211092,0.293244,0.17489207,-0.60309625,-0.33881626,0.19421013,0.1519111,-0.12658575,-0.66166997,0.113878086,-0.51345885,0.30881613,0.120852694,0.54098564,0.7759958,0.7167724,-0.4538367,0.8410091,0.4230354,-0.6954342,-0.908658,-0.33966494,0.043233365,-0.25976756,-0.76868194,-0.039964218,0.268992,-0.90542394,-0.23785254,0.49391738,0.39353287,-0.7479534